"varieties_present","galega","cobrancosa","arbequina","picual","cordovilTM","cordovilSE","madural","verdeal"
"3",0.609010008897121,0,0,0,0.492732444462386,0.474750661295479,0,0
"3",0.618427809790318,0,0,0,0.510173972605949,0.486294230671098,0,0
"3",0.593846011357936,0,0,0,0.488205548866384,0.482815586607479,0,0
"3",0.598919938857197,0,0,0,0.509012135448113,0.48137183340758,0,0
"3",0.6524056055986,0,0,0,0.499247483915592,0.51341010618571,0,0
"3",0.614923413692704,0,0,0,0.468038421405127,0.450584256921361,0,0
"3",0.59166818546828,0,0,0,0.471547694250308,0.47434108825827,0,0
"3",0.593728267778829,0,0,0,0.496473247443014,0.47304910245691,0,0
"2",0.654019207149983,0,0,0,0,0.423808805586387,0,0
"3",0.630233975052451,0,0,0,0.495003783794265,0.505485606422663,0,0
"3",0.649130657775732,0,0,0,0.517430503528051,0.518533410803743,0,0
"3",0.594789599483434,0,0,0,0.547429305426491,0.474778473554963,0,0
"3",0.623643184862418,0,0,0,0.55905017517537,0.495573653123957,0,0
"3",0.649521063331995,0,0,0,0.530142996778065,0.518644460206458,0,0
"3",0.655602465319592,0,0,0,0.517062633099562,0.535082090352451,0,0
"3",0.639927301860071,0,0,0,0.519099211099153,0.551015251169454,0,0
"3",0.611392657180491,0,0,0,0.539033366472351,0.563680342949141,0,0
"3",0.602479027341073,0,0,0,0.564739854335608,0.468031534169131,0,0
"3",0.613339206583186,0,0,0,0.547554767937963,0.580953291323213,0,0
"3",0.606252135728424,0,0,0,0.541687218250873,0.58621105603897,0,0
"3",0.653716464065117,0,0,0,0.528495732274525,0.597891142603755,0,0
"3",0.631968705620527,0,0,0,0.558548174189151,0.518170992227103,0,0
"3",0.63671072767502,0,0,0,0.586572925514853,0.625593767167474,0,0
"4",0.618582349007252,0.544436494999513,0,0,0.539535286518115,0.52260363477826,0,0
"3",0.604919087165961,0,0,0,0.510487178622644,0.467202457185924,0,0
"3",0.610721896502327,0,0,0,0.559570548753485,0.585148381800085,0,0
"3",0.603981718862641,0,0,0,0.54274033724202,0.582723837522159,0,0
"3",0.612027410604254,0,0,0,0.564834917394668,0.589844541153128,0,0
"3",0.637773237382461,0,0,0,0.570441074829872,0.512179899404988,0,0
"3",0.648470754737395,0,0,0,0.591527025179629,0.603866310361351,0,0
"3",0.646436728691734,0,0,0,0.592975696945223,0.608710705701357,0,0
"3",0.654071591774775,0,0,0,0.585256834535267,0.612819620575064,0,0
"3",0.649212180549056,0,0,0,0.524860541867293,0.501016174412821,0,0
"2",0.559615603843189,0,0,0,0,0.508646934319474,0,0
"2",0.545515841057706,0,0,0,0,0.625577518724682,0,0
"2",0.678271347257705,0,0,0,0,0.639089195338763,0,0
"2",0.61723858439659,0,0,0,0,0.530412192131053,0,0
"2",0.559569475923733,0,0,0,0,0.517659483205262,0,0
"2",0.623985448770452,0,0,0,0,0.486192082480666,0,0
"2",0.677390705007019,0,0,0,0,0.506899308560009,0,0
"2",0.645816040596491,0,0,0,0,0.501084611368895,0,0
"2",0.561213604408014,0,0,0,0,0.509377288676872,0,0
"2",0.551805727241198,0,0,0,0,0.501296501500957,0,0
"2",0.551811098435321,0,0,0,0,0.487669678253171,0,0
"2",0.564951875197184,0,0,0,0,0.591683385707766,0,0
"2",0.713718505128839,0,0,0,0,0.499738578361596,0,0
"2",0.707474077547775,0,0,0,0,0.501591280324654,0,0
"2",0.683431107171032,0,0,0,0,0.487402204664236,0,0
"2",0.610565103023896,0,0,0,0,0.467814423850236,0,0
"2",0.562867686627379,0,0,0,0,0.489232753153248,0,0
"2",0.61108050369009,0,0,0,0,0.525456924999122,0,0
"2",0.554988549071702,0,0,0,0,0.499412456500933,0,0
"2",0.551026330007002,0,0,0,0,0.527788763235746,0,0
"2",0.578871235009245,0,0,0,0,0.506312996391135,0,0
"2",0.578037691984243,0,0,0,0,0.48074510853315,0,0
"2",0.735915528193808,0,0,0,0,0.430850963530064,0,0
"3",0.72402011594321,0.564565187199707,0,0,0,0.436002886147693,0,0
"2",0.560309564878171,0,0,0,0,0.480820245231457,0,0
"3",0.540986020118196,0,0,0,0.473876574560409,0.519736971164729,0,0
"3",0.583835026199459,0,0,0,0.482231273170912,0.512733930769049,0,0
"2",0.561190446062692,0,0,0,0,0.611196015579568,0,0
"2",0.556799405879589,0,0,0,0,0.485022848856174,0,0
"2",0.557285033846853,0,0,0,0,0.50064052480765,0,0
"2",0.555256466865351,0,0,0,0,0.490144032309649,0,0
"3",0.637640053758061,0.538281537090479,0,0,0,0.600576461366699,0,0
"3",0.707025448420466,0.535966240800276,0,0,0,0.519680103347023,0,0
"2",0.548792240539752,0,0,0,0,0.585317143623826,0,0
"3",0.556245811876811,0,0,0,0.466859496279434,0.490189161396579,0,0
"2",0.536467654134053,0,0,0,0,0.486730085415209,0,0
"2",0.559865498904387,0,0,0,0,0.503773089725481,0,0
"2",0.607659955657223,0,0,0,0,0.490701113743216,0,0
"2",0.564301458149256,0,0,0,0,0.534730421349512,0,0
"2",0.61138504809147,0,0,0,0,0.628746071466382,0,0
"3",0.646227112456352,0.550718185874532,0,0,0,0.504392888842895,0,0
"2",0.71242999203551,0,0,0,0,0.590794992478846,0,0
"0",0,0,0,0,0,0,0,0
"3",0.540478002104465,0.540406528449255,0,0,0,0.578756559727664,0,0
"2",0.566473302176957,0,0,0,0,0.60982897696278,0,0
"2",0.548189796556651,0,0,0,0,0.514763177333157,0,0
"2",0.574503382782534,0,0,0,0,0.562067688249489,0,0
"2",0.628213777010263,0,0,0,0,0.684446934395144,0,0
"3",0.673367166637205,0.550070349561925,0,0,0,0.616222347527049,0,0
"2",0.643388460267776,0,0,0,0,0.479361381231589,0,0
"3",0.755931616602272,0.576761991394032,0,0,0,0.557593922957527,0,0
"3",0.721751943965752,0.576323483888948,0,0,0,0.594764058785803,0,0
"0",0,0,0,0,0,0,0,0
"2",0.55413194416443,0,0,0,0,0.623813105185989,0,0
"2",0.556054838233467,0,0,0,0,0.66382425788232,0,0
"2",0.57158269918883,0,0,0,0,0.563808440321012,0,0
"2",0.600690384522167,0,0,0,0,0.694243978484322,0,0
"3",0.673731538164972,0.555246300470261,0,0,0,0.653035071141515,0,0
"3",0.69984145237459,0.558172566061223,0,0,0,0.672987816505571,0,0
"3",0.691483728811523,0.578260457293938,0,0,0,0.672137010601289,0,0
"3",0.764118445382039,0.589660300891129,0,0,0,0.57288525948797,0,0
"3",0.750947316869094,0.601186659515266,0,0,0,0.592764009934253,0,0
"1",0,0,0,0,0,0.440730824105851,0,0
"2",0.560364747105383,0,0,0,0,0.608690179242322,0,0
"2",0.549396614531375,0,0,0,0,0.656530040353191,0,0
"3",0.54176559143443,0,0,0,0.456658110166587,0.555368548000257,0,0
"2",0.615930204252415,0,0,0,0,0.654672874215875,0,0
"3",0.735116905125608,0.562309065639975,0,0,0,0.685088416956859,0,0
"3",0.76009635257772,0.573987942737734,0,0,0,0.667992759175302,0,0
"3",0.697526770715132,0.571238903565751,0,0,0,0.505227527704826,0,0
"3",0.655636979953483,0.587079752081807,0,0,0,0.519974439529374,0,0
"3",0.649224044139155,0.545080621485435,0,0,0,0.47872647092985,0,0
"2",0.522274580049731,0,0,0,0,0.572158344075438,0,0
"2",0.547552589370582,0,0,0,0,0.500269968025746,0,0
"2",0.543925982195682,0,0,0,0,0.510728267920865,0,0
"3",0.565754662456363,0,0,0,0.487850340640011,0.669668742313144,0,0
"2",0.63875477397749,0,0,0,0,0.676628118469592,0,0
"3",0.714374648612755,0.545524162026914,0,0,0,0.675190718490474,0,0
"3",0.7178174922368,0.571325289991874,0,0,0,0.67596581557565,0,0
"3",0.688676735141614,0.580983932477166,0,0,0,0.683470552209743,0,0
"4",0.643496995071198,0.55872512252708,0,0,0.461144189457306,0.490830467111563,0,0
"3",0.653270765616872,0.597410033737249,0,0,0,0.523670699598048,0,0
"3",0.670852658010148,0,0,0,0.479015362979375,0.498734038700365,0,0
"2",0.610202322321737,0,0,0,0,0.476147133416422,0,0
"2",0.612994561566408,0,0,0,0,0.462679367231787,0,0
"3",0.675523001792213,0.567967051431548,0,0,0,0.485274841684628,0,0
"2",0.648601211822188,0,0,0,0,0.444904974578333,0,0
"2",0.525694870916351,0,0,0,0,0.467996597697771,0,0
"2",0.533862847893157,0,0,0,0,0.460881356060018,0,0
"2",0.535648616378826,0,0,0,0,0.460410336855429,0,0
"2",0.685004253957049,0,0,0,0,0.505930178069753,0,0
"2",0.731025205106019,0,0,0,0,0.52219284942492,0,0
"2",0.745467258021683,0,0,0,0,0.499657689036153,0,0
"2",0.731824790925566,0,0,0,0,0.460730666296326,0,0
"2",0.534595326089781,0,0,0,0,0.504983458840115,0,0
"2",0.619692349729819,0,0,0,0,0.433800533119053,0,0
"2",0.531653974445449,0,0,0,0,0.469107217991018,0,0
"2",0.524733290773293,0,0,0,0,0.473125902100098,0,0
"2",0.533631612507175,0,0,0,0,0.47222036683814,0,0
"3",0.703022731244937,0.54980047084583,0,0,0,0.499377347787696,0,0
"2",0.740441381112106,0,0,0,0,0.506296536325046,0,0
"2",0.784031901484473,0,0,0,0,0.50924327570976,0,0
"2",0.644560038025082,0,0,0,0,0.480146168073638,0,0
"2",0.521509953080523,0,0,0,0,0.478655151298111,0,0
"2",0.596727941768688,0,0,0,0,0.430945300330477,0,0
"2",0.537369908560681,0,0,0,0,0.428341369420264,0,0
"2",0.532192293036233,0,0,0,0,0.428553497830032,0,0
"2",0.538614092482625,0,0,0,0,0.430780242845913,0,0
"2",0.569597972126267,0,0,0,0,0.480730786255916,0,0
"2",0.719135660027858,0,0,0,0,0.455094573845976,0,0
"3",0.734306638923307,0.538998646610608,0,0,0,0.515344136076727,0,0
"2",0.638686671494339,0,0,0,0,0.544883253288547,0,0
"2",0.638542161458157,0,0,0,0,0.512391909867948,0,0
"2",0.645965208718823,0,0,0,0,0.49534214404988,0,0
"2",0.542127639540967,0,0,0,0,0.50947903396266,0,0
"2",0.535238100688543,0,0,0,0,0.498678242660366,0,0
"2",0.539253951351207,0,0,0,0,0.463686463159307,0,0
"2",0.629265405173953,0,0,0,0,0.472236871906269,0,0
"2",0.562261550769345,0,0,0,0,0.490563877571381,0,0
"2",0.63154855813895,0,0,0,0,0.579363678469234,0,0
"2",0.632232283604093,0,0,0,0,0.555975835559374,0,0
"2",0.632928227156792,0,0,0,0,0.570647245088209,0,0
"2",0.747887338460506,0,0,0,0,0.576541528800548,0,0
"2",0.646381903549183,0,0,0,0,0.499523364008719,0,0
"2",0.635607108054631,0,0,0,0,0.538311570307968,0,0
"2",0.610110329062462,0,0,0,0,0.494947249144443,0,0
"2",0.619537622366765,0,0,0,0,0.47620327996715,0,0
"2",0.545869693568603,0,0,0,0,0.477438322104273,0,0
"2",0.570895186193972,0,0,0,0,0.508524783177153,0,0
"2",0.625062719439789,0,0,0,0,0.604895598677382,0,0
"2",0.633666651113732,0,0,0,0,0.599520105104248,0,0
"2",0.638857901579551,0,0,0,0,0.573677489104407,0,0
"3",0.702504566995958,0.574474542628075,0,0,0,0.562095816841066,0,0
"3",0.666820896813638,0.556882026915083,0,0,0,0.569941020949376,0,0
"2",0.607556388864431,0,0,0,0,0.517972436654634,0,0
"2",0.618215520611978,0,0,0,0,0.450134272913987,0,0
"2",0.633415953756208,0,0,0,0,0.470766568423915,0,0
"2",0.622970157502878,0,0,0,0,0.438348698363997,0,0
"2",0.541408465373454,0,0,0,0,0.491879420588231,0,0
"3",0.784003709280669,0.59013066823029,0,0,0,0.585412991746594,0,0
"3",0.709409795836744,0.55330902635137,0,0,0,0.606363520135449,0,0
"3",0.722425311910862,0.582289932709115,0,0,0,0.584488261117511,0,0
"3",0.669538898505466,0.58168482098727,0,0,0,0.556427598870158,0,0
"3",0.640315731018104,0.546269920779701,0,0,0,0.539101042289027,0,0
"3",0.623450621470605,0.542739026031053,0,0,0,0.535959780090808,0,0
"2",0.649675354484655,0,0,0,0,0.514496797322457,0,0
"2",0.658221923297143,0,0,0,0,0.480589291758206,0,0
"3",0.642179439080332,0.535177035874774,0,0,0,0.433449223266626,0,0
"3",0.618489708960045,0.536446751658526,0,0,0,0.448854429893271,0,0
"3",0.724206315312696,0.593006783756845,0,0,0,0.542552077733783,0,0
"3",0.750635746727049,0.607486299267812,0,0,0,0.593154782690179,0,0
"3",0.683397068097917,0.580847465544117,0,0,0,0.60014919020605,0,0
"3",0.756150678837739,0.618721092072926,0,0,0,0.550465468633713,0,0
"3",0.672881535745901,0.539624367264553,0,0,0,0.583089688575258,0,0
"2",0.627354177681584,0,0,0,0,0.567004755632533,0,0
"3",0.655701165593657,0.537890557135456,0,0,0,0.539745708674597,0,0
"2",0.674806123434719,0,0,0,0,0.474864389198321,0,0
"3",0.690605647562859,0.552334583170983,0,0,0,0.442678254764112,0,0
"2",0.644508786656419,0,0,0,0,0.526441070636047,0,0
"3",0.669681078583792,0.602173590676498,0,0,0,0.578300528932623,0,0
"3",0.667292329306277,0.587824976407707,0,0,0,0.60772631202355,0,0
"3",0.675337796161172,0.598862114202644,0,0,0,0.606023399717629,0,0
"3",0.684150272076133,0.605099487766798,0,0,0,0.56305277707704,0,0
"3",0.731733996359201,0.61680963671557,0,0,0,0.563733798495174,0,0
"2",0.679964480491693,0,0,0,0,0.572751159241454,0,0
"3",0.698313398824327,0.562110444063582,0,0,0,0.476600516907522,0,0
"3",0.702099440309873,0.554958831682974,0,0,0,0.474838168498987,0,0
"3",0.700479732890344,0.578622419023878,0,0,0,0.457463850120629,0,0
"3",0.651062866008707,0.579092185579512,0,0,0,0.48794151302999,0,0
"2",0.614713483624535,0,0,0,0,0.445748982536522,0,0
"2",0.616342378492374,0,0,0,0,0.436082270656711,0,0
"3",0.63669030041183,0,0,0,0.48057101048504,0.47616358306713,0,0
"3",0.64433816684166,0,0,0,0.505971963691482,0.590818852393852,0,0
"3",0.648618406609456,0,0,0,0.551650668506669,0.595343078333447,0,0
"3",0.599394864382476,0,0,0,0.595748935484573,0.492013745166168,0,0
"3",0.561346031751762,0,0,0,0.590802927123146,0.479631433324499,0,0
"3",0.580229299282785,0,0,0,0.559864034035449,0.479535158233749,0,0
"3",0.627290205145203,0,0,0,0.517967795936058,0.506118739692842,0,0
"3",0.663704299553343,0.553148758269122,0,0,0,0.482098342971034,0,0
"2",0.616208322367974,0,0,0,0,0.464603935514075,0,0
"2",0.619840293024824,0,0,0,0,0.445795226130786,0,0
"2",0.614729494310438,0,0,0,0,0.4441082718405,0,0
"3",0.63597083168961,0,0,0,0.461355162751606,0.587261530880647,0,0
"3",0.644106415579259,0,0,0,0.567067337054911,0.594740477594732,0,0
"3",0.629721343188481,0,0,0,0.574927130329692,0.596501522014749,0,0
"3",0.605010265348903,0,0,0,0.573344017922454,0.580710551045424,0,0
"3",0.612570884477044,0,0,0,0.581767643300621,0.5659764758375,0,0
"3",0.598422490379621,0,0,0,0.494316467824359,0.461153026683722,0,0
"3",0.672793259112415,0,0,0,0.463884831097157,0.49977595481437,0,0
"2",0.544643981545654,0,0,0,0,0.588034579739699,0,0
"2",0.542271195339044,0,0,0,0,0.465566658949054,0,0
"2",0.637084648171972,0,0,0,0,0.463503653365137,0,0
"2",0.640458213144678,0,0,0,0,0.582535791925538,0,0
"3",0.611539118876005,0,0,0,0.51122335673189,0.470731415479712,0,0
"3",0.639984658050615,0,0,0,0.555839716269345,0.577949294547185,0,0
"3",0.61534694862154,0,0,0,0.552371499441507,0.581730747314945,0,0
"3",0.5991812426056,0,0,0,0.566109714587398,0.568602364217942,0,0
"3",0.619035923187215,0,0,0,0.550844045710797,0.452499457796988,0,0
"3",0.617756614308966,0,0,0,0.490178738017738,0.487193533624875,0,0
"2",0.53685663299541,0,0,0,0,0.431428003198763,0,0
"2",0.547540924807255,0,0,0,0,0.425165219807026,0,0
"2",0.562553192762965,0,0,0,0,0.474558942849663,0,0
"2",0.634099774747842,0,0,0,0,0.450518668963049,0,0
"3",0.625840944368428,0.539718220572224,0,0,0,0.453418660878463,0,0
"3",0.612157508453907,0.542206042691889,0,0,0,0.576449553957655,0,0
"3",0.657632058678289,0,0,0,0.492088417007879,0.583210487565282,0,0
"3",0.653975673057646,0,0,0,0.561541158712987,0.582181183244683,0,0
"3",0.632175879899332,0,0,0,0.496577453576476,0.487459666078744,0,0
"3",0.624248459329162,0,0,0,0.46094985115002,0.475330909222914,0,0
"2",0.537898224985331,0,0,0,0,0.434641624677071,0,0
"2",0.540882996815671,0,0,0,0,0.424469022790018,0,0
"2",0.5604953263916,0,0,0,0,0.458377280476153,0,0
"2",0.585310515015014,0,0,0,0,0.463845683556614,0,0
"2",0.6463247103284,0,0,0,0,0.472699287597778,0,0
"2",0.600777888206846,0,0,0,0,0.456445094351856,0,0
"3",0.636281985795475,0.555739116218156,0,0,0,0.46793316520433,0,0
"2",0.662579088244343,0,0,0,0,0.580995077693769,0,0
"3",0.667697511086568,0,0,0,0.457061480623422,0.585243794399039,0,0
"2",0.669289422060823,0,0,0,0,0.592730371051663,0,0
"2",0.575726687095994,0,0,0,0,0.49955158714955,0,0
"2",0.57876496230394,0,0,0,0,0.489018240227369,0,0
"2",0.580669736363164,0,0,0,0,0.474833937847216,0,0
"2",0.658479859545383,0,0,0,0,0.464506416140487,0,0
"2",0.671344803431057,0,0,0,0,0.461117651160083,0,0
"2",0.701323378435823,0,0,0,0,0.477893482028157,0,0
"3",0.689612993827676,0,0,0,0.45683027673479,0.491889732952715,0,0
"3",0.687594039893884,0,0,0,0.492894525700599,0.495301840855915,0,0
"3",0.663483141732581,0,0,0,0.478508952252164,0.463146254165745,0,0
"3",0.655442308949042,0,0,0,0.474737132187898,0.576286388929364,0,0
"2",0.566753962819759,0,0,0,0,0.540164482426314,0,0
"3",0.581708510318048,0,0,0,0.460458385501306,0.520409952126729,0,0
"3",0.590567533071549,0,0,0,0.452063851674531,0.50690686838633,0,0
"2",0.556058260924833,0,0,0,0,0.478633868948384,0,0
"2",0.663819186802541,0,0,0,0,0.46972731603458,0,0
"3",0.643243407738076,0.535091328496246,0,0,0,0.45577605743433,0,0
"2",0.691777655106966,0,0,0,0,0.492263038992942,0,0
"3",0.693560151971985,0,0,0,0.51114326764925,0.488027356897227,0,0
"3",0.687214363868232,0,0,0,0.531486870091833,0.467262122303788,0,0
"3",0.673510372231147,0,0,0,0.606080489418747,0.473732802671959,0,0
"3",0.548078627128363,0,0,0,0.473434037589014,0.543920398988274,0,0
"3",0.542897249854589,0,0,0,0.457372344554179,0.536468252065417,0,0
"3",0.658025015504802,0,0,0,0.462895835946376,0.480837981163509,0,0
"3",0.651694848447894,0.566288135337582,0,0,0,0.490124644355181,0,0
"2",0.559479459929282,0,0,0,0,0.485148513063649,0,0
"2",0.700628312712373,0,0,0,0,0.514639061336877,0,0
"2",0.681039826094352,0,0,0,0,0.504376400931874,0,0
"3",0.689782102483424,0,0,0,0.491666437750374,0.523997953986525,0,0
"3",0.662131301334534,0,0,0,0.548203312743581,0.511745296006523,0,0
"3",0.622828017526443,0,0,0,0.569452862340717,0.466571612309904,0,0
"4",0.540655974243805,0.546511746204562,0,0,0.453473679703681,0.644235674463683,0,0
"4",0.616147016259598,0.536168257271247,0,0,0.461854033161253,0.544393094673723,0,0
"2",0.540203615311049,0,0,0,0,0.524598815855674,0,0
"2",0.667199561581404,0,0,0,0,0.537053838393384,0,0
"3",0.65907096120768,0.567600088154713,0,0,0,0.518838462495368,0,0
"2",0.689499907510411,0,0,0,0,0.498624393005419,0,0
"3",0.710495963795723,0,0,0,0.472057452475214,0.573095821547207,0,0
"3",0.69028488216467,0,0,0,0.501814319886982,0.560926757137975,0,0
"3",0.63981601829788,0,0,0,0.569246409202219,0.531141173342817,0,0
"3",0.633412054013422,0,0,0,0.547547486707009,0.486741865969251,0,0
"4",0.623482448483404,0.560961948694611,0,0,0.455960784007099,0.496843935957666,0,0
"4",0.632156681188402,0.559374377726772,0,0,0.461794208373737,0.513469424720784,0,0
"4",0.668011861984446,0.592729289515929,0,0,0.482366002248554,0.447626637996528,0,0
"3",0.646740421102663,0.545928007491948,0,0,0,0.501641769341013,0,0
"2",0.672281915553078,0,0,0,0,0.503649260461035,0,0
"2",0.698408735492965,0,0,0,0,0.527360168806885,0,0
"2",0.653160601127112,0,0,0,0,0.502046322764492,0,0
"3",0.675151277453959,0,0,0,0.514205479589605,0.589874399780123,0,0
"3",0.654478423642886,0,0,0,0.528575805095117,0.580897058720392,0,0
"3",0.644898070212474,0,0,0,0.482472421944784,0.506412408631476,0,0
"3",0.670563121841014,0.543503376382243,0,0,0,0.467259990354575,0,0
"3",0.682968614917914,0.540863871241356,0,0,0,0.461938701204082,0,0
"2",0.68170538845979,0,0,0,0,0.503607090406047,0,0
"3",0.664447407228111,0.543223531080267,0,0,0,0.511244899176121,0,0
"3",0.678261937692947,0.563142212511771,0,0,0,0.617190230972407,0,0
"3",0.689772275069832,0.56461591706069,0,0,0,0.491649401086688,0,0
"3",0.675249078845325,0.565437560803319,0,0,0,0.529031234970564,0,0
"4",0.694520241131506,0.571011985727075,0,0.564179092340444,0,0.643242236374243,0,0
"2",0.646039947842793,0,0,0,0,0.60186056053667,0,0
"2",0.659575272895291,0,0,0,0,0.609072293683068,0,0
"2",0.682928185600035,0,0,0,0,0.546035745773096,0,0
"2",0.713906496144988,0,0,0,0,0.644209029855772,0,0
"3",0.671116017994985,0.5822462981279,0,0,0,0.647374884539519,0,0
"4",0.702313101799898,0.588719441578591,0,0.528307605299481,0,0.615453209736156,0,0
"4",0.697047187803198,0.562048867216991,0,0.528932001874247,0,0.645849532819253,0,0
"2",0.67224690071916,0,0,0,0,0.515484008645904,0,0
"2",0.637190149744948,0,0,0,0,0.513158671411037,0,0
"2",0.645090294325818,0,0,0,0,0.499738443452369,0,0
"2",0.642498825422126,0,0,0,0,0.592975020066104,0,0
"2",0.629827852750863,0,0,0,0,0.50273717210669,0,0
"2",0.677148993910052,0,0,0,0,0.6158561975354,0,0
"2",0.687847770376062,0,0,0,0,0.630748258835141,0,0
"2",0.692111957319531,0,0,0,0,0.641725911667636,0,0
"3",0.711163166083408,0.572814489068115,0,0,0,0.642799111035577,0,0
"3",0.741154140615267,0.582202415076219,0,0,0,0.608832520634232,0,0
"4",0.713805416209082,0.594804513823827,0,0.526363205388446,0,0.627232293269973,0,0
"3",0.687114845931054,0.571005894105243,0,0,0,0.479223134951664,0,0
"3",0.647598697857781,0.53507718689995,0,0,0,0.458872255685227,0,0
"2",0.654877415717657,0,0,0,0,0.59610732364065,0,0
"3",0.661980019764639,0,0,0,0.480360178674016,0.594232075852256,0,0
"3",0.649892321100266,0,0,0,0.482180572496944,0.590605144978048,0,0
"2",0.679011522552458,0,0,0,0,0.652940340862329,0,0
"2",0.66078526225611,0,0,0,0,0.527171721587394,0,0
"2",0.652040677063186,0,0,0,0,0.533934012287455,0,0
"2",0.703139482760601,0,0,0,0,0.628979389411282,0,0
"3",0.736265228829916,0.556689011157125,0,0,0,0.626970969439821,0,0
"2",0.664618293957029,0,0,0,0,0.494888707806259,0,0
"2",0.631404337453013,0,0,0,0,0.506266928729504,0,0
"3",0.643988510217839,0,0,0,0.500828741937133,0.573141310520758,0,0
"3",0.613066165215453,0,0,0,0.550399761796554,0.483589843081494,0,0
"3",0.636157579020549,0,0,0,0.589645181513275,0.519030948017517,0,0
"3",0.676743323473093,0,0,0,0.494233480808049,0.546675503795019,0,0
"3",0.666506542581842,0,0,0,0.531633232008514,0.591065627176952,0,0
"3",0.665342810766541,0,0,0,0.539245693798451,0.573481673045552,0,0
"3",0.636306892956661,0,0,0,0.527052950007014,0.557688707935721,0,0
"3",0.649584069349315,0,0,0,0.503610896206028,0.55285061568285,0,0
"3",0.631486687902008,0,0,0,0.489513968121472,0.496930603097015,0,0
"3",0.597012375167226,0,0,0,0.532137140122264,0.516394465242925,0,0
"3",0.654687715003212,0,0,0,0.569147796197344,0.490247636946533,0,0
"3",0.624904305884544,0,0,0,0.547178600227002,0.471190538057134,0,0
"3",0.631211645962268,0,0,0,0.668086601722256,0.464587210506052,0,0
"3",0.660373145964132,0,0,0,0.619956503069009,0.498838024168386,0,0
"3",0.663995944834858,0,0,0,0.516407806767708,0.532109252018485,0,0
"3",0.663027856781759,0,0,0,0.516882892556584,0.562680666150131,0,0
"3",0.657618770927626,0,0,0,0.525747160660733,0.531647203217286,0,0
"3",0.59244517805733,0,0,0,0.497228154723631,0.482266537912168,0,0
"3",0.618371088825619,0,0,0,0.578227580829068,0.473313975585659,0,0
"3",0.602098064614325,0,0,0,0.591115973083267,0.46777783378153,0,0
"3",0.636292071306468,0,0,0,0.504090484486774,0.465877967985919,0,0
"3",0.61172487820432,0,0,0,0.554622875939451,0.460723527285156,0,0
"3",0.649695195265538,0,0,0,0.60376034311014,0.463986956151723,0,0
"3",0.655761874221717,0,0,0,0.545967730472959,0.50332380902001,0,0
"3",0.658371972424146,0,0,0,0.571326345431823,0.54407500047842,0,0
"3",0.656104734513141,0,0,0,0.515479758085738,0.528263678939509,0,0
"3",0.63050660944396,0,0,0,0.499024251789416,0.463917829034451,0,0
"3",0.611385916491396,0,0,0,0.490469046797181,0.457436098885332,0,0
"3",0.621317182097858,0,0,0,0.486941269961323,0.474037432489747,0,0
"3",0.596907301194911,0,0,0,0.531282212999999,0.462583417397727,0,0
"3",0.616075075575482,0,0,0,0.537779902715626,0.473178397211843,0,0
"3",0.628338067582781,0,0,0,0.537347906315654,0.48520626759008,0,0
"3",0.664978214149536,0,0,0,0.54230843423466,0.492683647120523,0,0
"3",0.637756341213903,0,0,0,0.558170302947237,0.499327746084833,0,0
"3",0.648634212846562,0,0,0,0.526156393063059,0.520681329735892,0,0
"3",0.645518687667864,0,0,0,0.532837187903828,0.541949965106591,0,0
"3",0.649908498085688,0,0,0,0.4769595369315,0.473246543807711,0,0
"3",0.611836164364232,0,0,0,0.482882541664548,0.478678277339602,0,0
"3",0.64675507474323,0,0,0,0.467045567420496,0.510392459601809,0,0
"3",0.622451913397816,0,0,0,0.479971137480838,0.4673199650202,0,0
"3",0.614206567790657,0,0,0,0.541365248534339,0.487940581632594,0,0
"3",0.639669169926181,0,0,0,0.557396330485727,0.506756161540401,0,0
"3",0.627200075025486,0,0,0,0.544271700969974,0.49523383972291,0,0
"3",0.637180333226005,0,0,0,0.537147366465481,0.497265968800692,0,0
"3",0.660404355296058,0,0,0,0.57313366563779,0.517059304560318,0,0
"3",0.654571506776521,0,0,0,0.539271444507807,0.515815832262,0,0
"3",0.668281685015691,0,0,0,0.560652222163352,0.526140072732955,0,0
"2",0.641680524280511,0,0,0,0,0.508311260179484,0,0
"2",0.614195381013186,0,0,0,0,0.468203027057862,0,0
"3",0.593250536181568,0,0,0,0.479237628259068,0.45847264317741,0,0
"2",0.568571641499396,0,0,0,0,0.439975148640175,0,0
"3",0.567535612608638,0,0,0,0.496458772461402,0.442089806634356,0,0
"3",0.556102077039193,0,0,0,0.508491482576505,0.43260153463593,0,0
"3",0.530158857797121,0,0,0,0.495366177169948,0.434901747247361,0,0
"2",0.64248982989421,0,0,0,0,0.489376831094129,0,0
"2",0.608200285411218,0,0,0,0,0.467653870213982,0,0
"3",0.572337398926604,0,0,0,0.46458253003171,0.445674420874616,0,0
"2",0.561134146209454,0,0,0,0,0.443875259551716,0,0
"2",0.536293351632548,0,0,0,0,0.444977295647529,0,0
"1",0,0,0,0,0,0.437038484509378,0,0
"3",0.569841939052028,0,0,0,0.460395408544026,0.437358732610835,0,0
"3",0.541601855829078,0,0,0,0.497151053437177,0.453066054064749,0,0
"3",0.532011561678906,0,0,0,0.517615705559723,0.440405794933416,0,0
"3",0.535551857170242,0,0,0,0.500094498923161,0.433635787563298,0,0
"3",0.585259470019774,0,0,0,0.491371335216988,0.493020646898982,0,0
"3",0.57812654711964,0,0,0,0.515458204281613,0.466986570079059,0,0
"3",0.58049022917189,0,0,0,0.501398438790203,0.455048125619022,0,0
"3",0.542910383704695,0,0,0,0.522534126128453,0.437087163599505,0,0
"3",0.521901852046113,0,0,0,0.506568923222193,0.440323477119025,0,0
"2",0,0,0,0,0.464886359579326,0.429768310013798,0,0
"2",0,0,0,0,0.483460389976094,0.423123451212375,0,0
"3",0.542297904471173,0,0,0,0.533279413998207,0.430091143462073,0,0
"3",0.554780343748325,0,0,0,0.502295800507061,0.437513696455838,0,0
"3",0.569271483482275,0,0,0,0.551517083700892,0.426936966351119,0,0
"3",0.593177766803422,0,0,0,0.546157886354471,0.47455053201341,0,0
"3",0.588721442031414,0,0,0,0.573004970995042,0.449912469891741,0,0
"3",0.582349415656971,0,0,0,0.582180095619035,0.441565738330167,0,0
"3",0.564412955600555,0,0,0,0.546397851993503,0.442666450762807,0,0
"3",0.607610150623823,0,0,0,0.544621667738486,0.437288953885754,0,0
"2",0.516825613082073,0,0,0,0.503223157811793,0,0,0
"2",0.505185456384159,0,0,0,0.494176204452657,0,0,0
"2",0.557935133685447,0,0,0,0.536845873846769,0,0,0
"3",0.557383753147062,0,0,0,0.494747426960842,0.423974610078309,0,0
"2",0.562058709374426,0,0,0,0.541215728548141,0,0,0
"3",0.638847640859329,0,0,0,0.524916328417137,0.46087530595269,0,0
"3",0.592430683626818,0,0,0,0.564863825799168,0.481542199362868,0,0
"3",0.598185502853069,0,0,0,0.628938881671576,0.446449898325429,0,0
"3",0.619317272985837,0,0,0,0.570492633916935,0.499355366093287,0,0
"3",0.609550317399365,0,0,0,0.568047974803777,0.444558552192496,0,0
"2",0.529281731567135,0,0,0,0.541909662045738,0,0,0
"2",0.530277050079101,0,0,0,0.525908992486704,0,0,0
"2",0.552938397760031,0,0,0,0.536265640684324,0,0,0
"2",0.573459849130136,0,0,0,0.571299088108286,0,0,0
"2",0.558260536522752,0,0,0,0.547445563782197,0,0,0
"3",0.59685466446829,0,0,0,0.553204303525356,0.46840746144214,0,0
"3",0.628857783248124,0,0,0,0.556461054940671,0.487667540725953,0,0
"3",0.631960248463543,0,0,0,0.641361371556476,0.516004624788945,0,0
"3",0.614964811542724,0,0,0,0.621614979811535,0.493148003543197,0,0
"3",0.613110236602557,0,0,0,0.623913615918346,0.457908729429095,0,0
"3",0.555755830031059,0,0,0,0.563791880330032,0.452583492932348,0,0
"2",0.54354064005338,0,0,0,0.550242534156847,0,0,0
"2",0.559470739275314,0,0,0,0.567246585858758,0,0,0
"2",0.553122320645363,0,0,0,0.549524329012793,0,0,0
"2",0.55428101056162,0,0,0,0.574163607265346,0,0,0
"3",0.604502952606207,0,0,0,0.493477724008627,0.459366116485171,0,0
"3",0.618092745180068,0,0,0,0.549310093970223,0.502216692599255,0,0
"3",0.602728749272865,0,0,0,0.547729634169642,0.502682877536371,0,0
"3",0.625086761248831,0,0,0,0.577603666019999,0.477504170570865,0,0
"3",0.595803564726916,0,0,0,0.654790895194816,0.475801790362704,0,0
"3",0.615823604941634,0,0,0,0.607730776834986,0.500997211898777,0,0
"3",0.616994480485143,0,0,0,0.625098917979056,0.492623309805038,0,0
"3",0.607040474429852,0,0,0,0.57141958339756,0.498545098874355,0,0
"3",0.542265828798612,0,0,0,0.527697717168711,0.471787662889935,0,0
"3",0.549635717029403,0,0,0,0.547981975752852,0.450528409714083,0,0
"3",0.566754085681778,0,0,0,0.527390805316209,0.447798781924971,0,0
"3",0.571713317305066,0,0,0,0.526943563864745,0.455402939982276,0,0
"3",0.606728429757517,0,0,0,0.613145136612917,0.496037885939377,0,0
"3",0.635510803183064,0,0,0,0.531535514820781,0.467673134441156,0,0
"3",0.610304844299702,0,0,0,0.60208102692885,0.505583991548659,0,0
"3",0.648132487291415,0,0,0,0.625912758684137,0.534894360376702,0,0
"3",0.61762553509838,0,0,0,0.624048694115011,0.522527349837299,0,0
"3",0.611870938897569,0,0,0,0.584532736032356,0.460827820449635,0,0
"3",0.595852325943607,0,0,0,0.623280923582174,0.481467807389879,0,0
"3",0.59882583833395,0,0,0,0.55625987796257,0.511286143909976,0,0
"3",0.549193712665721,0,0,0,0.587326437459377,0.434858214068465,0,0
"3",0.533495407518532,0,0,0,0.586020361534449,0.424454425503916,0,0
"2",0.522220384688378,0,0,0,0.533087516735985,0,0,0
"3",0.552128544349678,0,0,0,0.540055646741328,0.44410542002266,0,0
"3",0.543593473803759,0,0,0,0.527010981864014,0.433980796263063,0,0
"3",0.548245035056392,0,0,0,0.581796378173079,0.435680299942749,0,0
"2",0.544329727818719,0,0,0,0.570472372193684,0,0,0
"1",0,0,0,0,0.514152778263784,0,0,0
"2",0.580862875221705,0,0,0,0.494259102336028,0,0,0
"3",0.543695813356496,0,0,0,0.50313899725708,0.435864385421233,0,0
"3",0.56919458627138,0,0,0,0.56093303041345,0.429658616317209,0,0
"2",0.541053712580592,0,0,0,0.535532395894194,0,0,0
"2",0.549474722229633,0,0,0,0.561640109901677,0,0,0
"2",0.527816454175472,0,0,0,0.547306485097077,0,0,0
"2",0.514009489586365,0,0,0,0.525256794430974,0,0,0
"2",0.580652766786479,0,0,0,0.511110382122088,0,0,0
"2",0.558726198635948,0,0,0,0.551162000540959,0,0,0
"2",0.549302871172561,0,0,0,0.56246527159073,0,0,0
"2",0.525025780752944,0,0,0,0.562855105298413,0,0,0
"2",0.590398875558706,0,0,0,0.546908228210869,0,0,0
"1",0,0,0,0,0.494249082603469,0,0,0
"2",0.573817047935476,0,0,0,0.523300010983574,0,0,0
"2",0.581144704491678,0,0,0,0.564323908613894,0,0,0
"2",0.606188062833387,0,0,0,0.558363418911025,0,0,0
"2",0.580900863911128,0,0,0,0.554347258496678,0,0,0
"2",0.552691833609416,0,0,0,0.526930024194791,0,0,0
"2",0.540374881394118,0,0,0,0.536261993671167,0,0,0
"1",0,0,0,0,0.493580814735327,0,0,0
"2",0.584197230220802,0,0,0,0.55280094971934,0,0,0
"2",0.588494084457419,0,0,0,0.570772403057374,0,0,0
"2",0.602046799961424,0,0,0,0.590896688198397,0,0,0
"2",0.577256100839601,0,0,0,0.564340698725624,0,0,0
"2",0.55083943135487,0,0,0,0.508318060982695,0,0,0
"1",0.517324562995665,0,0,0,0,0,0,0
"2",0.518235869061926,0,0,0,0.492801055477062,0,0,0
"2",0.54616323090103,0,0,0,0.550137621601836,0,0,0
"2",0.587904297567346,0,0,0,0.581850030401335,0,0,0
"2",0.581135501115477,0,0,0,0.500623412161358,0,0,0
"2",0.53577840250645,0,0,0,0.500292673056858,0,0,0
"2",0.54645755658467,0,0,0,0.4909369436706,0,0,0
"0",0,0,0,0,0,0,0,0
"2",0.512925748539557,0,0,0,0.508657975572852,0,0,0
"2",0.511089096802416,0,0,0,0.505316032330712,0,0,0
"2",0.560321093375139,0,0,0,0.471293917507167,0,0,0
"1",0,0,0,0,0.471214461677094,0,0,0
"3",0.583092514817876,0,0,0,0.551674289940036,0.431361438723798,0,0
"2",0.536512665520927,0,0,0,0.516103853804459,0,0,0
"0",0,0,0,0,0,0,0,0
"1",0,0,0,0,0.464730918650629,0,0,0
"0",0,0,0,0,0,0,0,0
"2",0.561817147553065,0,0,0,0,0.578048094780969,0,0
"2",0.568825974368621,0,0,0,0,0.623179853423981,0,0
"3",0.5426649525146,0,0,0,0.476436191509894,0.538657658122692,0,0
"3",0.562478698847827,0,0,0,0.492706214249677,0.648848906603482,0,0
"3",0.624586228829072,0,0,0,0.465476150020591,0.705835802091221,0,0
"3",0.681707167413674,0.555199254249988,0,0,0,0.708362464399417,0,0
"2",0.709033919647389,0,0,0,0,0.719357074345326,0,0
"3",0.687817474925589,0.560789793271036,0,0,0,0.717107508215206,0,0
"3",0.668243207657761,0.57523421263577,0,0,0,0.726167711186112,0,0
"4",0.636964763621392,0.594822517108239,0,0,0.509800514559116,0.523460253055042,0,0
"2",0.615619325907162,0,0,0,0,0.442629914422908,0,0
"2",0.55884436469658,0,0,0,0,0.607686802006882,0,0
"3",0.543161175833344,0,0,0,0.481735102194508,0.5153799242515,0,0
"3",0.585969172275886,0,0,0,0.453129486401621,0.679319080780865,0,0
"2",0.66135811669089,0,0,0,0,0.677631151605684,0,0
"2",0.704944357792766,0,0,0,0,0.706841941940736,0,0
"2",0.713110081669214,0,0,0,0,0.720160092401455,0,0
"2",0.672821987702867,0,0,0,0,0.721051435174261,0,0
"2",0.658108825266454,0,0,0,0,0.725943101008936,0,0
"3",0.667199510518411,0,0,0,0.466485685096249,0.724232559762051,0,0
"2",0.584860662332941,0,0,0,0,0.560132217206291,0,0
"2",0.556482474851186,0,0,0,0,0.582391570992795,0,0
"2",0.618714252082549,0,0,0,0,0.637911208283605,0,0
"2",0.653086286393105,0,0,0,0,0.663124359067781,0,0
"2",0.64085236220478,0,0,0,0,0.714607421241686,0,0
"2",0.663674946079328,0,0,0,0,0.715840223962638,0,0
"2",0.6718507541639,0,0,0,0,0.714327250645664,0,0
"2",0.660259846204575,0,0,0,0,0.71636208520684,0,0
"2",0.652238340640852,0,0,0,0,0.721610622670805,0,0
"2",0.600241867780381,0,0,0,0,0.433716561144855,0,0
"2",0.595753095975668,0,0,0,0,0.570468817001175,0,0
"2",0.628424060947939,0,0,0,0,0.607084671856086,0,0
"2",0.593641735961283,0,0,0,0,0.650877802581877,0,0
"2",0.596441557716572,0,0,0,0,0.541609573962925,0,0
"3",0.646959732832637,0,0,0,0.453120255704582,0.505147278152845,0,0
"2",0.681192580842297,0,0,0,0,0.709208872221931,0,0
"3",0.664770606730389,0.55893477431845,0,0,0,0.57739765462783,0,0
"3",0.66537304510119,0.574687496400415,0,0,0,0.549966070287728,0,0
"2",0.558150963090809,0,0,0,0,0.426827165316921,0,0
"2",0.644530565990612,0,0,0,0,0.717497147651113,0,0
"3",0.6985801687623,0.576096200107752,0,0,0,0.699349740062054,0,0
"2",0.692695883054391,0,0,0,0,0.718321971117275,0,0
"4",0.64643320512518,0.619477342238699,0,0,0.460331771169274,0.554926112310511,0,0
"3",0.683770616091904,0.6279373997313,0,0,0,0.543800230967277,0,0
"3",0.694004003847839,0.625138622482853,0,0,0,0.58307790021884,0,0
"2",0.687627922470687,0,0,0,0,0.578775120909894,0,0
"3",0.719260410164504,0.620875809373319,0,0,0,0.581676620792843,0,0
"3",0.696965159119118,0.572217345061448,0,0,0,0.588247881035413,0,0
"3",0.706497809386268,0.568651147134478,0,0,0,0.572332597261371,0,0
"3",0.687928443798633,0.586936727281136,0,0,0,0.562733243857092,0,0
"3",0.690499163013161,0.589526551024018,0,0,0,0.490581371883607,0,0
"4",0.672376304046019,0.586052790778018,0,0,0.466803399859562,0.533790972983056,0,0
"3",0.62005552717966,0,0,0,0.548507229017644,0.71576907635375,0,0
"3",0.634881787780694,0,0,0,0.519607559913195,0.590706381122648,0,0
"3",0.693878559788735,0,0,0,0.45968128835641,0.72707564691114,0,0
"2",0.704410318314533,0,0,0,0,0.705202248247836,0,0
"2",0.720027579007871,0,0,0,0,0.603952676565455,0,0
"3",0.712869941951231,0.624758511032038,0,0,0,0.710144403756185,0,0
"3",0.715025229298824,0.612689235145292,0,0,0,0.580659703533361,0,0
"3",0.712630619087334,0.605490218299232,0,0,0,0.534229091572472,0,0
"3",0.69093583728412,0.562149036968785,0,0,0,0.566195802943479,0,0
"3",0.703626797266136,0,0,0,0.474280421360179,0.578674873487853,0,0
"4",0.642473481119023,0.598528640644061,0,0,0.529549210079876,0.572057996813622,0,0
"4",0.699198214043416,0.619088084581212,0,0,0.509945361682578,0.684366273476639,0,0
"3",0.660921010985091,0,0,0,0.511547380903681,0.598306195248783,0,0
"3",0.664236510260131,0,0,0,0.469133465642739,0.598695911067564,0,0
"3",0.694465734900086,0,0,0,0.473702463132013,0.617281131157278,0,0
"3",0.727064369223791,0.594411091082367,0,0,0,0.581666673272064,0,0
"4",0.714645556661236,0.608903938697946,0,0,0.47182141674842,0.531698867390842,0,0
"3",0.721719645726763,0.61241414370744,0,0,0,0.550297244700859,0,0
"2",0.674388518061052,0,0,0,0,0.59674665923006,0,0
"3",0.702755169274241,0,0,0,0.471966296184487,0.579273051790426,0,0
"4",0.666524301112505,0.591215647856022,0,0,0.487312760560501,0.566666066597458,0,0
"4",0.678890634758031,0.600419753384903,0,0,0.537693559495888,0.703614554150284,0,0
"3",0.67809401038688,0,0,0,0.515201058371978,0.587386108149392,0,0
"2",0.663816292849258,0,0,0,0,0.443640736315062,0,0
"3",0.69534455728769,0.545826892604858,0,0,0,0.444141125667882,0,0
"4",0.69965065518478,0.578406319661273,0,0,0.510494954207101,0.505691395847493,0,0
"4",0.71519423016684,0.622730073607543,0,0,0.490532939399486,0.692173954132929,0,0
"3",0.695709196628072,0,0,0,0.500654877320956,0.596044718334253,0,0
"3",0.701149141867001,0,0,0,0.460762927632151,0.578812246141721,0,0
"3",0.699131852025366,0,0,0,0.459162635745858,0.550618189568381,0,0
"3",0.695346632916863,0.573075996219848,0,0,0,0.710585755863085,0,0
"3",0.652267642159613,0,0,0,0.557933712754201,0.708554260826909,0,0
"3",0.720632648434215,0,0,0,0.496480790177729,0.713061389437034,0,0
"4",0.679081172673555,0.549280694838901,0,0,0.488006267176069,0.459841319836654,0,0
"2",0.688259332129164,0,0,0,0,0.446978787071196,0,0
"2",0.669017515999998,0,0,0,0,0.423063132328966,0,0
"4",0.678537646056042,0.556767767415033,0,0,0.485607667904025,0.543002294888901,0,0
"3",0.706386860180042,0,0,0,0.506021264681378,0.617398636921443,0,0
"3",0.726852753296737,0,0,0,0.460687680351818,0.705900820538008,0,0
"2",0.726320318143349,0,0,0,0,0.619052001430442,0,0
"2",0.692457869739142,0,0,0,0,0.715319123124495,0,0
"4",0.694645903348257,0.597209749964433,0,0,0.49653630891904,0.690784031415578,0,0
"2",0.712854999730869,0,0,0,0,0.707083355967379,0,0
"3",0.735596686014087,0.59452185660843,0,0,0,0.679841551640205,0,0
"2",0.691472713071258,0,0,0,0,0.568375716014742,0,0
"3",0.726059785391032,0.617895999456549,0,0,0,0.704332164544666,0,0
"2",0.670006776173421,0,0,0,0,0.491223714544716,0,0
"2",0.672573852845532,0,0,0,0,0.43142380872247,0,0
"2",0.741003469838308,0,0,0,0,0.700197224255699,0,0
"2",0.701857089332894,0,0,0,0,0.708824555719802,0,0
"2",0.710646247613251,0,0,0,0,0.712173970275762,0,0
"3",0.710954387907562,0,0,0,0.451885773924668,0.709799757460106,0,0
"3",0.710063474113102,0.552313554353736,0,0,0,0.702152051279666,0,0
"3",0.76805503742108,0.63018304876612,0,0,0,0.661781785474068,0,0
"2",0.649521187236431,0,0,0,0,0.5849634804384,0,0
"2",0.728734106918775,0,0,0,0,0.711335032521496,0,0
"2",0.707944443579117,0,0,0,0,0.71077074286872,0,0
"2",0.73418334501484,0,0,0,0,0.711241636966765,0,0
"2",0.74517616427052,0,0,0,0,0.707839572200713,0,0
"2",0.76736097981075,0,0,0,0,0.709334335647693,0,0
"4",0.699991208857112,0.576745430664929,0,0,0.452554760201342,0.477810273082949,0,0
"3",0.685306111062443,0.574193889114716,0,0,0,0.480002142224587,0,0
"4",0.650360445792088,0.578716861490143,0,0,0.461722583420823,0.512976234007918,0,0
"3",0.687416718980319,0.572813239972033,0,0,0,0.640734944925439,0,0
"2",0.674124679401721,0,0,0,0,0.490107722965884,0,0
"2",0.656470837637137,0,0,0,0,0.498178445173811,0,0
"2",0.647885117605572,0,0,0,0,0.47256843961565,0,0
"3",0.65620372422095,0,0,0,0.456523729987002,0.57518235662122,0,0
"3",0.670533394414925,0,0,0,0.500469375662782,0.589845473793159,0,0
"3",0.640664793498018,0,0,0,0.510441784822568,0.590699227824764,0,0
"3",0.693664908730916,0,0,0,0.478647064643418,0.483635651442943,0,0
"4",0.703262044984081,0.569426514846124,0,0,0.47426334540302,0.473153856196486,0,0
"4",0.700955510146238,0.546849802227052,0,0,0.462350462643331,0.516600925105277,0,0
"2",0.705677643567375,0.557839739418564,0,0,0,0,0,0
"3",0.663509665282586,0.535544782078645,0,0,0,0.535332265410798,0,0
"2",0.644025254020372,0,0,0,0,0.434168753418744,0,0
"2",0.62989762391969,0,0,0,0,0.471416363789571,0,0
"2",0.628897224074292,0,0,0,0,0.476013157614391,0,0
"3",0.660526873733817,0,0,0,0.49594135080811,0.604574522773872,0,0
"3",0.618211730902666,0,0,0,0.474417287557126,0.595720812058256,0,0
"3",0.694499099943286,0,0,0,0.468575536992422,0.472819935663229,0,0
"4",0.713822820118153,0.564940438888284,0,0,0.467892937223578,0.497714744323874,0,0
"3",0.716631698223296,0.571792477449542,0,0,0,0.537209588286973,0,0
"2",0.692484159781334,0,0,0,0,0.472407201294586,0,0
"2",0.695079787662924,0,0,0,0,0.517079184846901,0,0
"2",0.649067251986311,0,0,0,0,0.449790693643656,0,0
"2",0.641015111923834,0,0,0,0,0.47900758310295,0,0
"2",0.636141340731652,0,0,0,0,0.498287988779054,0,0
"3",0.651137913958726,0,0,0,0.457278838789011,0.592528133577893,0,0
"3",0.636617028800738,0,0,0,0.459629342766011,0.591879761385616,0,0
"4",0.739544433678529,0.592956551733289,0,0,0.461012962123133,0.680261361792742,0,0
"4",0.736599919507961,0.612522524045504,0,0,0.464432671932948,0.668962320602107,0,0
"3",0.703525351667608,0.589564232355634,0,0,0,0.571363926228773,0,0
"3",0.704840338199092,0.550462775385684,0,0,0,0.512164829392837,0,0
"2",0.684492135111049,0,0,0,0,0.466489816903731,0,0
"2",0.683899250032478,0,0,0,0,0.565635534097413,0,0
"2",0.684901431180454,0,0,0,0,0.572636215067887,0,0
"2",0.677022670928829,0,0,0,0,0.605990302771737,0,0
"3",0.661371365192719,0,0,0,0.4891092271299,0.70219383678989,0,0
"3",0.643979881058094,0,0,0,0.462561621100299,0.583983246323152,0,0
"3",0.721810856856404,0.594357821676549,0,0,0,0.54850185434668,0,0
"3",0.73724583858576,0.601866538938213,0,0,0,0.675134606297759,0,0
"3",0.734712146303225,0.609802631946404,0,0,0,0.528332195378349,0,0
"3",0.701297591173439,0.543962889435652,0,0,0,0.541317519581624,0,0
"2",0.673857257727726,0,0,0,0,0.572002602341111,0,0
"3",0.715318141763962,0,0,0,0.506284974686485,0.571354157148269,0,0
"2",0.676467492323788,0,0,0,0,0.562424759764714,0,0
"2",0.67711264820514,0,0,0,0,0.695949568860192,0,0
"3",0.686719906059562,0,0,0,0.506615349968385,0.581389125280511,0,0
"3",0.670746830069926,0,0,0,0.451880486057958,0.593367578943182,0,0
"2",0.736963506325975,0,0,0,0,0.567783482481352,0,0
"3",0.734387365514203,0.613708122552948,0,0,0,0.518450710087088,0,0
"3",0.713427425106057,0.5742280301922,0,0,0,0.499187464338988,0,0
"2",0.71525327362387,0,0,0,0,0.581713791404389,0,0
"2",0.655192681280631,0,0,0,0,0.570291338849996,0,0
"3",0.705134213439915,0,0,0,0.495887918476302,0.578205787046507,0,0
"3",0.659200506899338,0,0,0,0.460727452225313,0.699198172773882,0,0
"3",0.779748508272041,0.641248170526892,0,0,0,0.674571401052204,0,0
"3",0.746650411213631,0.616399153642476,0,0,0,0.550022904767365,0,0
"3",0.753258617527371,0.61791043632579,0,0,0,0.548157088642916,0,0
"2",0.726992840344735,0,0,0,0,0.57774075816028,0,0
"3",0.707140294078192,0,0,0,0.460532101767585,0.694346432512407,0,0
"3",0.769067962515416,0.629782122574015,0,0,0,0.676761371177835,0,0
"3",0.760325360764699,0.622454290397945,0,0,0,0.561764715376086,0,0
"3",0.763049421257654,0.622682561760027,0,0,0,0.54896155460035,0,0
"3",0.764821019006392,0.594113394653135,0,0,0,0.562781691814755,0,0
"2",0.672528918714525,0,0,0,0,0.692149137542248,0,0
"3",0.609617830016904,0,0,0,0.523315629309001,0.56057680554543,0,0
"3",0.615408553462539,0,0,0,0.528993806651114,0.526454268223548,0,0
"3",0.632215759142437,0,0,0,0.553324562611391,0.517602824430955,0,0
"3",0.63583465665449,0,0,0,0.536721488740636,0.516804709387764,0,0
"3",0.644266398488629,0,0,0,0.562612279315471,0.518387297769233,0,0
"3",0.666638595304432,0,0,0,0.543879004932046,0.519612223699672,0,0
"3",0.656012114816163,0,0,0,0.532579683419317,0.537754094809734,0,0
"2",0.656115626203085,0,0,0,0,0.50810335692466,0,0
"2",0.643269233387691,0,0,0,0,0.509783327882927,0,0
"2",0.580576274903186,0,0,0,0,0.4588496828586,0,0
"3",0.6190296041074,0,0,0,0.481523310910368,0.574518371878557,0,0
"3",0.64862071873296,0,0,0,0.486522552442271,0.543168284302366,0,0
"3",0.598198325808261,0,0,0,0.490434281446807,0.530622187592991,0,0
"3",0.634870235372369,0,0,0,0.547471449731436,0.525441246375658,0,0
"3",0.591833131432759,0,0,0,0.535941507005903,0.50076043819695,0,0
"3",0.621823830686272,0,0,0,0.549950764160012,0.513677274709213,0,0
"3",0.661663083630389,0,0,0,0.585600762025694,0.546476102643492,0,0
"3",0.674359469094749,0,0,0,0.559392038433626,0.526068906360622,0,0
"3",0.607486386462613,0,0,0,0.470916031284656,0.490554590340989,0,0
"3",0.56820225701827,0,0,0,0.509053191620494,0.537215497758931,0,0
"2",0.660594797598192,0,0,0,0,0.480763080323156,0,0
"3",0.658657563154234,0,0,0,0.463353801644446,0.517333457085649,0,0
"3",0.657292931345434,0,0,0,0.454001622196739,0.446127862432597,0,0
"3",0.580758767239006,0,0,0,0.544264235192872,0.510486765297958,0,0
"3",0.584082138256449,0,0,0,0.486203756083594,0.458945199230039,0,0
"3",0.591661333773057,0,0,0,0.522698782099897,0.470734372662942,0,0
"3",0.656273711364133,0,0,0,0.568784481996307,0.531253874430208,0,0
"3",0.665541332024759,0,0,0,0.559823244184248,0.541652002057262,0,0
"3",0.63378437091564,0,0,0,0.550310121281223,0.53905108265562,0,0
"3",0.579856323020035,0,0,0,0.500266233208433,0.523344571677376,0,0
"3",0.651085671619104,0,0,0,0.460355002032554,0.575537138559642,0,0
"3",0.637067122774888,0.542318448300136,0,0,0,0.467348041268538,0,0
"3",0.64008933691617,0.55808620629725,0,0,0,0.445598490961691,0,0
"4",0.641085134093323,0.539198583781342,0,0,0.458035596995857,0.447023007302368,0,0
"3",0.594779523509609,0,0,0,0.489927290200045,0.468550162017356,0,0
"3",0.610423659543614,0,0,0,0.497859118584393,0.467384384476517,0,0
"3",0.602105201781398,0,0,0,0.514344197262948,0.509178343152867,0,0
"3",0.649357704151786,0,0,0,0.564061705976522,0.551982503038826,0,0
"3",0.618155865584289,0,0,0,0.544827318471726,0.509179978597613,0,0
"3",0.599221862757066,0,0,0,0.527389120550027,0.520300815599924,0,0
"2",0.547329479479462,0,0,0,0,0.556456402325116,0,0
"2",0.657724029277174,0,0,0,0,0.57644322183177,0,0
"3",0.653631396695515,0,0,0,0.452440839105451,0.53828420663564,0,0
"4",0.645666965617903,0.541058793036138,0,0,0.468692689926706,0.459586212605201,0,0
"3",0.649787928932426,0,0,0,0.456506612695758,0.464350898174125,0,0
"3",0.583164588486985,0,0,0,0.465178384183386,0.45040977794109,0,0
"3",0.585768266823956,0,0,0,0.484317079316044,0.461871252269787,0,0
"3",0.5752042495018,0,0,0,0.545355381071108,0.545261664744613,0,0
"3",0.589707009817578,0,0,0,0.560862633858652,0.525764109203422,0,0
"3",0.563898661605686,0,0,0,0.539209024024995,0.515805893203139,0,0
"2",0.676887475911002,0,0,0,0,0.69116577689917,0,0
"2",0.64656646584624,0,0,0,0,0.516574639153558,0,0
"2",0.672938084367986,0,0,0,0,0.519961808652143,0,0
"2",0.656684491982046,0,0,0,0,0.47123393119952,0,0
"3",0.652825990543731,0,0,0,0.470900819496588,0.494390762223097,0,0
"3",0.563062694462042,0,0,0,0.45219908916545,0.523108247970158,0,0
"3",0.564726416055477,0,0,0,0.478909332881847,0.503553142005165,0,0
"3",0.59412224974083,0,0,0,0.488223061950622,0.483317994165253,0,0
"3",0.59978847123028,0,0,0,0.489228022301529,0.443803700916921,0,0
"3",0.572261211073492,0,0,0,0.491155275935353,0.439575549446078,0,0
"2",0.698162652757727,0,0,0,0,0.672934511359364,0,0
"3",0.673191023389662,0.549666826794827,0,0,0,0.498035845253487,0,0
"3",0.646307266746392,0,0,0,0.453465482860096,0.536091906394165,0,0
"3",0.580417776690825,0,0,0,0.462414008570945,0.551379903901269,0,0
"2",0.570330182668641,0,0,0,0,0.522617753837868,0,0
"3",0.565255572448539,0,0,0,0.453139805680734,0.51593531624531,0,0
"2",0.526575762039223,0,0,0,0,0.424304061741257,0,0
"3",0.555913191156165,0,0,0,0.465381035748637,0.425284604234779,0,0
"3",0.532163781814869,0,0,0,0.481595004772049,0.430181281390049,0,0
"1",0.507335563600101,0,0,0,0,0,0,0
"3",0.685242715337612,0,0,0,0.464909852318486,0.69027968310525,0,0
"2",0.695038079386611,0,0,0,0,0.654203678431932,0,0
"2",0.664214930962083,0,0,0,0,0.647452652258932,0,0
"2",0.553749494967971,0,0,0,0,0.539141437831602,0,0
"2",0.570111490841507,0,0,0,0,0.496967142884562,0,0
"1",0,0,0,0,0,0.447060709737762,0,0
"0",0,0,0,0,0,0,0,0
"1",0,0.538525186866921,0,0,0,0,0,0
"0",0,0,0,0,0,0,0,0
"0",0,0,0,0,0,0,0,0
"2",0.648994388100251,0,0,0,0,0.680838191586714,0,0
"2",0.584636631776584,0,0,0,0,0.564852557372181,0,0
"1",0,0,0,0,0,0.428735216442661,0,0
"0",0,0,0,0,0,0,0,0
"0",0,0,0,0,0,0,0,0
"1",0.508725183313531,0,0,0,0,0,0,0
"0",0,0,0,0,0,0,0,0
"2",0.554830856473399,0,0,0,0,0.459799883299507,0,0
"3",0.59057054399874,0,0,0,0.479258853590306,0.464909485897022,0,0
"3",0.5981030514557,0,0,0,0.502097172308306,0.455653646425028,0,0
"3",0.613852663333849,0,0,0,0.532448080174924,0.472494909409056,0,0
"3",0.602881325015257,0,0,0,0.686759776018011,0.544658067409716,0,0
"3",0.626780709085415,0,0,0,0.5668692196921,0.540323760876027,0,0
"3",0.619052771225539,0,0,0,0.587575121160026,0.533435272513162,0,0
"3",0.570521675089859,0,0,0,0.584925791284209,0.454017868112292,0,0
"3",0.586791298180585,0,0,0,0.584648853146999,0.442319315906548,0,0
"3",0.561661975890455,0,0,0,0.536035094097544,0.451962557051388,0,0
"3",0.574319274825775,0,0,0,0.514605117793585,0.547014605706707,0,0
"3",0.566766701084375,0,0,0,0.503947687708463,0.489200899587895,0,0
"3",0.559897578404908,0,0,0,0.509987647901961,0.45187959230343,0,0
"3",0.591030509184725,0,0,0,0.536880737964246,0.461339213390257,0,0
"3",0.579983073027784,0,0,0,0.605454183111049,0.528236210692591,0,0
"3",0.651308227173968,0,0,0,0.582002295742718,0.533596813382879,0,0
"3",0.552170507806456,0,0,0,0.589425727933772,0.516163981162287,0,0
"3",0.562340272153634,0,0,0,0.634708204348529,0.508751168879802,0,0
"3",0.573017135785363,0,0,0,0.610919867470713,0.473224751300099,0,0
"3",0.541914668861549,0,0,0,0.468224336412399,0.437416013446751,0,0
"3",0.565669295629686,0,0,0,0.503114894261343,0.526333646019409,0,0
"3",0.566218363281376,0,0,0,0.514062178478936,0.486230751015411,0,0
"3",0.567861266385061,0,0,0,0.54848137531434,0.505345843827159,0,0
"3",0.56460515280538,0,0,0,0.535669824066865,0.470908563210926,0,0
"3",0.566032413674529,0,0,0,0.574097325761991,0.533078048972574,0,0
"3",0.6240260307123,0,0,0,0.567694185676339,0.540982412025172,0,0
"3",0.615129824542558,0,0,0,0.554009512679859,0.539044360675008,0,0
"3",0.560599055242851,0,0,0,0.601126486524902,0.541936184183625,0,0
"3",0.561760953686242,0,0,0,0.550463490402521,0.528637791752657,0,0
"3",0.543401535156664,0,0,0,0.477048225149091,0.456095690760885,0,0
"3",0.600159227792361,0,0,0,0.519817438922943,0.546666997807227,0,0
"3",0.565177793407335,0,0,0,0.531915144181206,0.505855192663564,0,0
"3",0.555411994140813,0,0,0,0.545428521361531,0.49732768089226,0,0
"3",0.534439265965875,0,0,0,0.538658248392879,0.474650806236586,0,0
"3",0.58441356820281,0,0,0,0.544128820826074,0.518536805076641,0,0
"3",0.599057515391383,0,0,0,0.537128743053442,0.554666654624403,0,0
"3",0.61391581617837,0,0,0,0.529704934009967,0.544679621653959,0,0
"3",0.589940568261377,0,0,0,0.509061402800561,0.542052066902729,0,0
"3",0.559058258880681,0,0,0,0.487874206952359,0.527677132058487,0,0
"3",0.53343109087092,0,0,0,0.468883139077065,0.510419025000083,0,0
"2",0.519756746589731,0,0,0,0,0.488901812883092,0,0
"3",0.512871036431801,0,0,0,0.490668769905115,0.516719054591791,0,0
"3",0.518065358347733,0,0,0,0.518727394875431,0.513626975225035,0,0
"3",0.552146618400517,0,0,0,0.515820448561819,0.529549104792035,0,0
"2",0.514421636947269,0,0,0,0,0.544238641692618,0,0
"3",0.619640632646697,0,0,0,0.468791844689049,0.541668885994646,0,0
"3",0.596001241419877,0,0,0,0.495482173313279,0.551099959257061,0,0
"2",0.564697439782592,0,0,0,0,0.549011407306646,0,0
"2",0.53240276256948,0,0,0,0,0.51064243329087,0,0
"2",0.516139960283824,0,0,0,0,0.491417800595884,0,0
"2",0.516798352782469,0,0,0,0,0.4452185394474,0,0
"3",0.574579799161066,0,0,0,0.453110772003394,0.447650073938239,0,0
"2",0.533220276799898,0,0,0,0,0.5198021288225,0,0
"1",0,0,0,0,0,0.543040007833228,0,0
"2",0.508468446150869,0,0,0,0,0.537340656787719,0,0
"2",0.60917100705375,0,0,0,0,0.522176440138728,0,0
"2",0.573520570395752,0,0,0,0,0.540054219344,0,0
"2",0.579461565341582,0,0,0,0,0.546097309704931,0,0
"2",0.551462095873216,0,0,0,0,0.509715787010561,0,0
"2",0.535910217591136,0,0,0,0,0.476887821442443,0,0
"1",0,0,0,0,0,0.422210902134281,0,0
"2",0.511673419589504,0,0,0,0,0.50788749751283,0,0
"2",0.514192576659398,0,0,0,0,0.516901441874027,0,0
"1",0,0,0,0,0,0.507858217379472,0,0
"2",0.545419321125337,0,0,0,0,0.525478334227857,0,0
"2",0.540374341589323,0,0,0,0,0.535082181281541,0,0
"2",0.57321572328228,0,0,0,0,0.530721970151285,0,0
"2",0.586072682742858,0,0,0,0,0.532670551817848,0,0
"2",0.560961379478658,0,0,0,0,0.518978493830265,0,0
"2",0.510298003111102,0,0,0,0,0.507137194734461,0,0
"0",0,0,0,0,0,0,0,0
"1",0.5106252119717,0,0,0,0,0,0,0
"2",0.552200326445347,0.547179718685047,0,0,0,0,0,0
"2",0.536987530548494,0,0,0,0,0.506375996045663,0,0
"2",0.602444492847194,0,0,0,0,0.515293583444519,0,0
"2",0.56226022150254,0,0,0,0,0.520790875835445,0,0
"2",0.570916195089657,0,0,0,0,0.519787871901317,0,0
"2",0.594416155739103,0,0,0,0,0.533140599249268,0,0
"2",0.54259235335966,0,0,0,0,0.507371315445991,0,0
"2",0.519123596474399,0,0,0,0,0.496591654162192,0,0
"0",0,0,0,0,0,0,0,0
"1",0.520446081006665,0,0,0,0,0,0,0
"1",0,0,0,0,0,0.48873136607532,0,0
"2",0.535967523546009,0,0,0,0,0.519185547032504,0,0
"2",0.521679757766989,0,0,0,0,0.509278349418623,0,0
"2",0.528602193718408,0,0,0,0,0.512733161963678,0,0
"2",0.570952805404562,0,0,0,0,0.518679708377886,0,0
"2",0.587025313991487,0,0,0,0,0.509310748387862,0,0
"2",0.570807780999704,0,0,0,0,0.500065480219348,0,0
"2",0.528018925751943,0,0,0,0,0.496517594263826,0,0
"2",0.553947142123616,0,0,0,0,0.511281626265735,0,0
"2",0.546902068098966,0,0,0,0,0.518625483335026,0,0
"2",0.59914139718739,0,0,0,0,0.519280050296168,0,0
"2",0.57329327402449,0,0,0,0,0.496993823014772,0,0
"2",0.516832506308962,0,0,0,0,0.509360944104476,0,0
"3",0.598382806876674,0,0,0,0.547640576829738,0.510347283314819,0,0
"1",0.516479792093581,0,0,0,0,0,0,0
"0",0,0,0,0,0,0,0,0
"0",0,0,0,0,0,0,0,0
"0",0,0,0,0,0,0,0,0
"3",0.541859223811817,0,0,0,0.489240258901259,0.482472174645,0,0
"3",0.562491365703747,0,0,0,0.476374715325073,0.455997830416446,0,0
"1",0.521632219880718,0,0,0,0,0,0,0
"1",0.504640252451321,0,0,0,0,0,0,0
"2",0.516585139260128,0,0,0,0,0.422920234660038,0,0
"2",0.528021156546767,0,0,0,0,0.433156654674911,0,0
"1",0.534591024076637,0,0,0,0,0,0,0
"1",0.522277839561207,0,0,0,0,0,0,0
"2",0.524836912334112,0,0,0,0,0.481547776833004,0,0
"1",0.517552570218292,0,0,0,0,0,0,0
"2",0.51926635488805,0,0,0,0,0.423832723397461,0,0
"2",0.546755183458873,0,0,0,0,0.425086406365944,0,0
"2",0.556483904114336,0,0,0,0,0.509543208987394,0,0
"2",0.565680127598767,0,0,0,0,0.501416786277149,0,0
"1",0,0,0,0,0,0.42573051249017,0,0
"1",0,0,0,0,0,0.439025872196289,0,0
"2",0.520879521467493,0,0,0,0,0.500294513494326,0,0
"2",0.540299679426944,0,0,0,0,0.513100209455169,0,0
"2",0.526925198618254,0,0,0,0,0.498175208570206,0,0
"1",0,0,0,0,0,0.470797968800324,0,0
"2",0.507051016847849,0,0,0,0,0.454333107077607,0,0
"0",0,0,0,0,0,0,0,0
"2",0.504630434576734,0,0,0,0,0.490627445365437,0,0
"1",0,0,0,0,0,0.497430978895867,0,0
"1",0,0,0,0,0,0.480278573436212,0,0
"2",0.504078654592852,0,0,0,0,0.475797878800208,0,0
"2",0.51551873209685,0,0,0,0,0.463629106454295,0,0
"1",0,0,0,0,0,0.440154297413748,0,0
"1",0,0,0,0,0,0.454510468607649,0,0
"1",0,0,0,0,0,0.447699943128024,0,0
"2",0.521590625509514,0,0,0,0,0.58645183196789,0,0
"2",0.554781273661657,0,0,0,0,0.600199326465104,0,0
"2",0.525925300622524,0,0,0,0,0.461889269841226,0,0
"0",0,0,0,0,0,0,0,0
"1",0,0,0,0,0,0.42588766636818,0,0
"2",0.542528817151805,0,0,0,0,0.444838315277704,0,0
"2",0.561445065370553,0,0,0,0,0.482043057026868,0,0
"1",0.546427648730562,0,0,0,0,0,0,0
"2",0.548860021634236,0,0,0,0,0.498105873826394,0,0
"1",0,0,0,0,0,0.472987526249712,0,0
"2",0.552423966366849,0,0,0,0,0.596629959304608,0,0
"2",0.581900418601337,0,0,0,0,0.600576151869702,0,0
"2",0.597310575959489,0,0,0,0,0.503345682218444,0,0
"2",0.6099370299796,0,0,0,0,0.511062214363432,0,0
"2",0.56288749306828,0,0,0,0,0.514084189475181,0,0
"2",0.563786506419448,0,0,0,0,0.491492860821574,0,0
"2",0.574370272492056,0,0,0,0,0.494945485670124,0,0
"2",0.504431326498612,0,0,0,0,0.484921480493239,0,0
"2",0.56249972158071,0,0,0,0,0.468405543447272,0,0
"2",0.631719248107939,0,0,0,0,0.432434779184904,0,0
"2",0.568776882280269,0,0,0,0,0.470916878649302,0,0
"2",0.632746940703565,0,0,0,0,0.442331801555787,0,0
"2",0.561101539965666,0,0,0,0,0.486399361321189,0,0
"2",0.523263407789036,0,0,0,0,0.444770059917093,0,0
"2",0.57123840779934,0,0,0,0,0.573982191177682,0,0
"2",0.57420467422108,0,0,0,0,0.493174516412108,0,0
"2",0.602695498537745,0,0,0,0,0.475364687601254,0,0
"2",0.604055906363482,0,0,0,0,0.426483091044989,0,0
"2",0.605282723538837,0,0,0,0,0.422853171318091,0,0
"1",0.639160701421233,0,0,0,0,0,0,0
"1",0.629218038122325,0,0,0,0,0,0,0
"2",0.606565064338169,0,0,0,0,0.425199996351698,0,0
"1",0.6202768095673,0,0,0,0,0,0,0
