"galega","cobrancosa","arbequina","picual","cordovilTM","cordovilSE","madural","verdeal"
0,0,0,0,0,0,0,0
0,0,0,0,0,0,0,0
0,0,0,0,0,0,0,0
0,0,0,0,0,0,0,0
0,0,0,0,0,0,0,0
0,0,0,0,0,0,0,0
0,0,0,0,0,0,0,0
0,0,0,0,0,0,0,0
0,0,0,0,0,0,0,0
0,0,0,0,0,0,0,0
0,0,0,0,0,0,0,0
0,0,0,0,0,0,0,0
0,0,0,0,0,0,0,0
0,0,0,0,0,0,0,0
0,0,0,0,0,0,0,0
0,0,0,0,0,0,0,0
0,0,0,0,0,0,0,0
0,0,0,0,0,0,0,0
0,0,0,0,0,0,0,0
0,0,0,0,0,0,0,0
0,0,0,0,0,0,0,0
0,0,0,0,0,0,0,0
0,0,0,0,0,0,0,0
0,0,0,0,0,0,0,0
0,0,0,0,0,0,0,0
0,0,0,0,0,0,0,0
0,0,0,0,0,0,0,0
0,0,0,0,0,0,0,0
0,0,0,0,0,0,0,0
0,0,0,0,0,0,0,0
0,0,0,0,0,0,0,0
0,0,0,0,0,0,0,0
0,0,0,0,0,0,0,0
0,0,0,0,0,0,0,0
0,0,0,0,0,0,0,0
0,0,0,0,0,0,0,0
0,0,0,0,0,0,0,0
0,0,0,0,0,0,0,0
0,0,0,0,0,0,0,0
0,0,0,0,0,0,0,0
0,0,0,0,0,0,0,0
0,0,0,0,0,0,0,0
0,0,0,0,0,0,0,0
0,0,0,0,0,0,0,0
0,0,0,0,0,0,0,0
0,0,0,0,0,0,0,0
0,0,0,0,0,0,0,0
0,0,0,0,0,0,0,0
0,0,0,0,0,0,0,0
0,0,0,0,0,0,0,0
0,0,0,0,0,0,0,0
0,0,0,0,0,0,0,0
0,0,0,0,0,0,0,0
0,0,0,0,0,0,0,0
0,0,0,0,0,0,0,0
0,0,0,0,0,0,0,0
0,0,0,0,0,0,0,0
0,0,0,0,0,0,0,0
0,0,0,0,0,0,0,0
0,0,0,0,0,0,0,0
0,0,0,0,0,0,0,0
0,0,0,0,0,0,0,0
0,0,0,0,0,0,0,0
0,0,0,0,0,0,0,0
0,0,0,0,0,0,0,0
0,0,0,0,0,0,0,0
0,0,0,0,0,0,0,0
0,0,0,0,0,0,0,0
0,0,0,0,0,0,0,0
0,0,0,0,0,0,0,0
0,0,0,0,0,0,0,0
0,0,0,0,0,0,0,0
0,0,1,0,0,0,0,0
0,0,1,0,0,0,0,0
0,0,1,0,0,0,0,0
0,0,0,0,0,0,0,0
0,0,0,1,0,0,0,0
0,0,0,0,0,0,0,0
0,0,0,0,0,0,0,0
0,0,0,0,0,0,0,0
0,0,0,0,0,1,0,0
0,0,0,0,0,0,0,0
0,0,1,0,0,0,0,0
0,0,1,0,0,0,0,0
0,0,1,0,0,0,0,0
0,0,0,0,0,0,0,0
0,0,0,1,0,0,0,0
0,0,0,0,0,0,0,0
0,0,0,0,0,0,0,0
0,0,0,0,0,0,0,0
0,0,0,0,0,0,0,0
0,1,0,0,0,0,0,0
0,1,1,0,0,0,0,0
0,1,1,0,0,0,0,0
0,1,1,1,0,0,0,0
0,0,0,0,0,0,0,0
0,0,0,0,0,0,0,0
0,0,0,0,0,0,0,0
0,0,0,0,0,0,0,0
0,0,0,0,0,0,0,0
0,1,0,0,0,1,0,0
0,1,0,0,0,0,0,0
1,1,1,0,0,1,0,0
1,1,1,0,0,0,0,0
1,1,1,1,0,0,0,0
0,0,0,0,0,0,0,0
0,0,0,0,0,0,0,0
0,0,0,0,0,0,0,0
0,0,0,0,0,1,0,0
0,0,0,0,0,1,0,0
0,1,0,0,0,1,0,0
1,1,1,0,0,1,0,0
1,1,1,0,0,1,0,0
1,1,1,1,0,1,0,0
1,1,1,1,0,1,0,0
0,0,0,0,0,0,0,0
0,0,0,0,0,0,0,0
0,0,0,0,0,0,0,0
0,0,0,0,0,0,0,0
0,0,0,0,0,0,0,0
0,0,0,0,0,0,0,0
0,0,0,0,0,0,0,0
0,0,0,0,0,0,0,0
0,0,0,0,0,0,0,0
0,0,0,0,0,0,0,0
0,0,0,0,0,0,0,0
0,0,0,0,0,0,0,0
0,0,0,0,0,0,0,0
0,0,0,0,0,0,0,0
0,0,0,0,0,0,0,0
0,0,0,0,0,0,0,0
0,0,0,0,0,0,0,0
0,0,0,0,0,0,0,0
0,0,0,0,0,0,0,0
0,0,0,0,0,0,0,0
0,0,0,0,0,0,0,0
0,0,0,0,0,0,0,0
0,0,0,0,0,0,0,0
0,0,0,0,0,0,0,0
0,0,0,0,0,0,0,0
0,0,0,0,0,0,0,0
0,0,0,0,0,0,0,0
0,0,0,0,0,0,0,0
0,0,0,0,0,0,0,0
0,0,0,0,0,0,0,0
0,0,0,0,0,0,0,0
0,0,0,0,0,0,0,0
0,0,0,0,0,0,0,0
0,0,0,0,0,0,0,0
0,0,0,0,0,0,0,0
0,0,0,0,0,0,0,0
0,0,0,0,0,0,0,0
0,0,1,0,0,0,0,0
0,0,1,0,0,0,0,0
0,0,1,0,0,1,0,0
0,0,1,0,0,0,0,0
0,0,1,0,0,0,0,0
0,0,1,0,0,0,0,0
0,0,1,0,0,0,0,0
0,0,1,0,0,0,0,0
0,0,1,0,0,0,0,0
0,0,1,0,0,0,0,0
0,0,1,0,0,1,0,0
0,0,1,0,0,1,0,0
0,0,1,0,0,1,0,0
0,0,1,0,0,0,0,0
0,1,1,1,0,0,0,0
0,1,1,1,0,0,0,0
0,0,1,0,0,0,0,0
0,0,1,0,0,0,0,0
0,0,1,0,0,0,0,0
0,0,1,0,0,0,0,0
0,1,1,1,0,1,0,0
0,1,1,1,0,1,0,0
0,1,1,1,0,1,0,0
0,1,1,1,0,1,0,0
0,1,1,1,0,1,0,0
0,1,1,1,0,1,0,0
1,0,1,0,0,1,0,0
1,0,1,0,0,0,0,0
0,1,1,0,0,0,0,0
0,0,1,1,0,0,0,0
0,1,1,1,0,1,0,0
1,1,1,1,0,1,0,0
1,1,1,1,0,1,0,0
1,1,1,0,0,1,0,0
1,1,1,0,0,1,0,0
1,1,1,0,0,1,0,0
1,1,1,1,0,1,0,0
0,1,1,0,0,0,0,0
1,1,1,1,0,0,0,0
0,1,1,1,0,1,0,0
1,1,1,1,0,1,0,0
1,1,1,1,0,1,0,0
1,1,1,1,0,1,0,0
1,1,1,0,0,1,0,0
1,1,1,0,0,1,0,0
1,1,1,0,0,1,0,0
1,1,1,0,0,1,0,0
1,1,1,1,0,1,0,0
1,1,1,1,0,1,0,0
1,1,1,1,0,1,0,0
0,0,0,0,0,0,0,0
0,0,0,0,0,0,0,0
0,0,0,0,0,0,0,0
1,0,0,0,0,0,0,0
1,0,0,0,0,0,0,0
0,0,0,0,0,0,0,0
0,0,0,0,0,0,0,0
0,0,0,0,0,0,0,0
0,0,0,0,0,0,0,0
0,0,0,0,0,0,0,0
0,1,0,0,0,0,0,0
0,0,0,0,0,0,0,0
0,0,0,0,0,0,0,0
1,0,1,0,0,0,0,0
1,0,1,0,0,0,0,0
1,0,1,1,0,0,0,0
1,0,0,0,0,0,0,0
0,0,0,0,0,0,0,0
0,0,1,0,0,0,0,0
1,0,0,0,0,0,0,0
0,0,0,0,0,0,0,0
0,0,0,0,0,0,0,0
0,0,0,0,0,0,0,0
1,0,1,1,0,0,0,0
1,0,1,0,0,0,0,0
1,1,1,1,0,0,0,0
1,0,1,0,0,0,0,0
0,0,0,0,0,0,0,0
0,0,0,0,0,0,0,0
0,0,1,0,0,0,0,0
0,0,0,0,0,0,0,0
0,0,0,0,0,0,0,0
0,0,0,0,0,0,0,0
0,0,1,1,0,0,0,0
1,0,0,1,0,0,0,0
1,0,1,1,0,0,0,0
1,1,1,1,0,0,0,0
1,0,0,0,0,0,0,0
0,0,0,0,0,0,0,0
0,0,1,0,0,0,0,0
0,0,0,0,0,0,0,0
0,0,0,0,0,0,0,0
0,0,1,0,0,0,0,0
1,0,1,1,0,0,0,0
1,0,1,1,0,0,0,0
1,0,0,1,0,0,0,0
1,0,0,1,0,0,0,0
1,1,1,1,0,0,0,0
1,0,1,1,0,0,0,0
1,0,1,1,0,0,0,0
0,0,1,0,0,0,0,0
1,0,1,0,0,0,0,0
1,0,0,0,0,0,0,0
1,0,0,1,0,0,0,0
1,0,0,1,0,0,0,0
1,0,0,1,0,0,0,0
1,0,0,1,0,0,0,0
1,0,1,1,0,0,0,0
0,0,1,1,0,0,0,0
1,0,1,0,0,0,0,0
1,0,1,0,0,1,0,0
1,0,1,1,0,1,0,0
1,0,0,1,0,1,0,0
1,0,0,1,0,0,0,0
1,0,0,1,0,0,0,0
0,0,0,1,0,0,0,0
1,0,1,1,0,0,0,0
1,0,1,1,0,0,0,0
1,0,0,0,0,0,0,0
1,0,0,0,0,0,0,0
1,0,1,1,0,1,0,0
1,0,1,1,0,1,0,0
1,1,1,1,0,0,0,0
1,0,1,1,0,0,0,0
0,0,0,1,0,0,0,0
1,0,0,1,0,0,0,0
1,0,1,1,0,0,0,0
1,1,1,1,0,0,0,0
0,0,0,0,0,0,0,0
0,0,0,0,0,0,0,0
1,1,1,1,0,1,0,0
1,0,1,1,0,1,0,0
1,0,1,1,0,0,0,0
1,0,1,1,0,0,0,0
1,0,1,1,0,0,0,0
1,0,0,1,0,0,0,0
1,0,0,1,0,0,0,0
1,0,0,1,0,0,0,0
0,0,0,0,0,0,0,0
0,0,0,0,0,0,0,0
1,1,1,1,0,1,0,0
1,1,1,1,0,0,0,0
1,1,1,1,0,0,0,0
1,1,1,1,0,0,0,0
1,0,0,1,0,0,0,0
1,0,0,1,0,0,0,0
1,0,0,0,0,0,0,0
1,0,0,0,0,0,0,0
1,0,0,0,0,0,0,0
1,0,0,0,0,0,0,0
0,0,0,0,0,0,0,0
0,0,0,0,0,0,0,0
1,0,0,0,0,0,0,0
0,0,0,0,0,0,0,0
0,0,0,0,0,0,0,0
0,0,0,0,0,0,0,0
0,0,0,0,0,0,0,0
0,0,0,0,0,0,0,0
0,0,1,0,0,0,0,0
0,0,0,0,0,0,0,0
0,0,0,0,0,0,0,0
0,0,0,0,0,0,0,0
0,0,0,0,0,0,0,0
0,0,0,0,0,0,0,0
0,0,0,0,0,0,0,0
0,0,0,0,0,0,0,0
0,0,0,0,0,0,0,0
0,0,0,0,0,0,0,0
0,0,1,0,0,0,0,0
0,0,1,0,0,0,0,0
0,0,0,1,0,0,0,0
0,0,0,1,0,0,0,0
0,0,0,1,0,0,0,0
1,0,0,0,0,0,0,0
1,0,0,0,0,0,0,0
0,0,0,0,0,0,0,0
0,0,0,0,0,0,0,0
0,0,0,0,0,0,0,0
0,0,1,0,0,0,0,0
0,0,1,0,0,0,0,0
0,0,1,0,0,0,0,0
0,0,1,1,0,0,0,0
0,0,0,0,0,0,0,0
0,0,0,0,0,0,0,0
0,0,0,0,0,0,0,0
1,0,0,1,0,0,0,0
0,0,0,0,0,0,0,0
0,0,0,0,0,0,0,0
0,0,0,0,0,0,0,0
0,0,0,0,0,0,0,0
0,0,0,0,0,0,0,0
0,0,0,1,0,0,0,0
0,0,1,1,0,0,0,0
0,0,0,1,0,0,0,0
0,0,0,1,0,0,0,0
0,0,0,1,0,0,0,0
0,0,0,0,0,0,0,0
0,0,0,0,0,0,0,0
0,0,0,0,0,0,0,0
0,0,0,0,0,0,0,0
0,0,0,0,0,0,0,0
0,0,0,0,1,0,0,0
0,0,0,1,0,0,0,0
0,0,1,1,0,0,0,0
0,0,0,1,0,0,0,0
0,0,0,1,0,0,0,0
0,0,0,0,0,0,0,0
0,0,0,0,1,0,0,0
0,0,0,0,0,0,0,0
0,0,0,0,0,0,0,0
0,0,0,0,0,0,0,0
0,0,0,0,0,0,0,0
1,0,0,0,0,0,0,0
0,0,0,1,0,0,0,0
0,0,0,1,0,0,0,0
0,0,0,1,0,0,0,0
0,1,0,0,0,0,0,0
1,0,0,0,1,0,0,0
0,0,0,0,0,0,0,0
0,0,0,0,0,0,0,0
1,0,0,0,0,0,0,0
0,0,0,0,0,0,0,0
1,0,0,0,1,0,0,0
0,1,0,1,0,0,0,0
0,1,0,0,0,0,0,0
0,1,0,1,0,0,0,0
0,1,0,0,0,0,0,0
0,1,0,0,0,0,0,0
0,0,0,0,0,0,0,0
0,0,0,0,0,0,0,0
0,0,0,0,0,0,0,0
0,0,0,0,0,0,0,0
0,0,0,0,0,0,0,0
1,0,0,0,1,0,0,0
0,1,0,0,0,0,0,0
0,1,0,0,0,0,0,0
0,1,0,0,0,0,0,0
0,1,0,0,1,0,0,0
0,0,0,0,0,0,0,0
0,0,0,0,0,0,0,0
0,0,0,0,0,0,0,0
0,0,0,0,0,0,0,0
0,0,0,0,0,0,0,0
0,0,0,0,0,0,0,0
0,0,0,0,0,0,0,0
0,0,0,0,0,0,0,0
0,0,0,0,0,0,0,0
0,0,0,0,0,0,0,0
0,0,0,0,0,0,0,0
0,0,0,0,0,0,0,0
0,0,0,0,0,0,0,0
0,0,0,0,0,0,0,0
0,0,0,0,0,0,0,0
0,0,0,0,0,0,0,0
0,0,0,0,0,0,0,0
0,0,0,0,0,0,0,0
0,0,0,0,0,0,0,0
0,0,0,0,0,0,0,0
0,0,0,0,0,0,0,0
0,0,0,0,0,0,0,0
0,0,0,0,0,0,0,0
0,0,0,0,0,0,0,0
0,0,0,0,0,0,0,0
0,0,0,0,0,0,0,0
0,0,0,0,0,0,0,0
0,0,0,0,0,0,0,0
0,0,0,0,0,0,0,0
0,0,0,0,0,0,0,0
0,0,0,0,0,0,0,0
0,0,0,0,0,0,0,0
0,0,0,0,0,0,0,0
0,0,0,0,0,0,0,0
1,0,0,0,0,0,0,0
0,0,0,0,0,0,0,0
0,0,0,0,0,0,0,0
1,0,0,0,1,0,0,0
0,0,0,0,0,0,0,0
0,0,0,0,0,0,0,0
0,0,0,0,0,0,0,0
0,0,0,0,0,0,0,0
0,0,0,0,0,0,0,1
0,0,0,0,0,0,1,0
1,0,0,0,1,0,0,0
1,0,0,0,1,0,0,0
1,0,0,0,1,0,0,0
0,0,0,0,1,0,0,0
0,0,0,0,1,0,0,0
0,0,0,0,1,0,1,1
0,1,0,0,1,0,1,1
0,0,0,0,0,0,1,1
0,0,0,0,0,0,1,0
0,0,0,0,0,0,0,0
0,1,0,0,1,0,0,0
1,1,0,0,1,0,0,0
1,0,0,0,1,0,0,0
0,0,0,0,1,0,0,0
0,0,0,0,1,0,0,0
1,0,0,0,1,0,1,1
0,0,0,0,1,0,1,1
0,0,0,0,1,0,1,1
0,1,0,1,1,0,1,0
0,0,0,0,1,0,1,0
0,0,0,0,1,0,0,0
1,0,0,0,1,0,0,0
1,0,0,0,1,0,0,0
0,0,0,0,1,0,0,0
0,0,0,0,1,0,0,0
1,0,0,1,1,0,1,1
0,0,0,0,1,0,0,0
0,0,0,0,0,0,0,0
0,0,0,0,1,0,1,0
0,1,0,0,1,0,1,1
0,0,0,0,0,0,0,0
0,0,0,0,0,0,0,0
0,0,0,0,0,0,0,0
0,0,0,0,0,0,0,0
0,0,0,0,0,0,0,0
0,0,0,0,0,0,0,0
0,0,0,0,0,0,0,0
0,0,0,0,0,0,0,0
0,0,0,0,0,0,0,0
0,0,0,0,0,0,0,0
0,0,0,0,0,0,0,0
0,0,0,0,0,0,0,0
0,0,0,0,0,0,0,0
0,0,0,0,0,0,0,0
0,0,0,0,0,0,0,0
0,0,0,0,0,0,0,0
0,0,0,0,0,0,0,0
0,0,0,0,0,0,0,0
0,0,0,0,0,0,0,0
0,0,0,0,0,0,0,0
0,0,0,0,0,0,0,0
0,0,0,0,0,0,0,0
0,0,0,0,0,0,0,0
0,0,0,0,0,0,0,0
0,0,0,0,0,0,0,0
0,0,0,0,0,0,0,0
0,0,0,0,0,0,0,0
0,0,0,0,0,0,0,0
0,0,0,0,0,0,0,0
0,0,0,0,0,0,0,0
0,0,0,0,0,0,0,0
0,0,0,0,0,0,0,0
0,0,0,0,0,0,0,0
0,0,0,0,0,0,0,0
0,0,0,0,0,0,0,0
0,0,0,0,0,0,0,0
0,0,0,0,0,0,0,0
0,0,0,0,0,0,0,0
0,0,0,0,0,0,0,0
0,0,0,0,0,0,0,0
0,0,0,0,0,0,0,0
0,0,0,0,0,0,0,0
0,0,0,0,0,0,0,0
0,0,0,0,0,0,0,0
0,0,0,0,0,0,0,0
0,0,0,0,0,0,0,0
0,0,0,0,0,0,0,0
0,0,0,0,0,0,0,0
0,0,0,0,0,0,0,0
0,0,0,0,0,0,0,0
0,0,0,0,0,0,0,0
0,0,0,0,0,0,0,0
0,0,0,0,0,0,0,0
0,0,0,0,0,1,0,0
0,0,0,0,0,1,0,0
1,1,0,0,0,1,0,0
0,0,1,0,0,1,0,0
1,1,1,0,0,1,0,0
1,1,1,1,0,1,0,0
1,1,1,1,0,1,0,0
0,0,0,0,0,0,0,0
0,0,0,0,0,0,0,0
0,0,0,0,0,0,0,0
0,0,0,0,0,1,0,0
0,0,0,0,0,1,0,0
0,0,1,0,0,1,0,0
0,0,1,0,0,1,0,0
0,1,1,0,0,1,0,0
0,1,1,1,0,1,0,0
1,1,1,1,0,1,0,0
0,0,0,0,0,0,0,0
0,0,0,0,0,1,0,0
0,0,0,0,0,1,0,0
0,0,0,0,0,1,0,0
0,0,1,0,0,1,0,0
0,0,1,0,0,1,0,0
1,1,1,0,0,1,0,0
1,1,1,0,0,1,0,0
1,1,1,1,0,1,0,0
0,0,0,0,0,0,0,0
0,0,0,0,0,1,0,0
0,0,0,0,0,1,0,0
0,0,0,0,0,1,0,0
0,0,0,0,0,1,0,0
0,0,1,0,0,1,0,0
1,1,1,0,0,1,0,0
1,1,1,0,0,1,0,0
1,1,1,1,0,1,0,0
0,0,0,0,0,0,0,0
1,1,1,1,0,1,0,0
1,1,1,1,0,1,0,0
1,1,1,1,0,1,0,0
1,1,1,1,0,1,0,0
1,1,1,1,0,1,0,0
1,1,1,1,0,1,0,0
1,1,1,1,0,1,0,0
1,1,1,1,0,1,0,0
1,1,1,1,0,1,0,0
1,1,1,1,0,1,0,0
1,1,1,1,0,1,0,0
1,1,1,1,0,1,0,0
1,1,1,1,0,1,0,0
1,1,1,1,0,1,0,0
1,1,1,1,0,1,0,0
1,1,1,1,0,1,0,0
1,0,1,1,0,1,0,0
1,0,1,1,0,1,0,0
1,1,1,1,0,1,0,0
1,1,1,1,0,1,0,0
1,1,1,1,0,1,0,0
1,1,1,1,0,1,0,0
1,0,1,1,0,0,0,0
1,1,1,1,0,1,0,0
1,1,1,1,0,1,0,0
1,1,1,1,0,1,0,0
1,0,1,1,0,1,0,0
1,1,1,1,0,1,0,0
1,1,1,1,0,1,0,0
1,1,1,1,0,1,0,0
1,1,1,1,0,1,0,0
1,0,1,1,0,1,0,0
1,0,1,0,0,0,0,0
1,1,1,1,0,1,0,0
1,1,1,1,0,1,0,0
1,1,1,1,0,1,0,0
1,0,1,0,0,0,0,0
1,1,1,0,0,1,0,0
1,1,1,1,0,1,0,0
1,1,1,1,0,1,0,0
1,1,1,1,0,1,0,0
1,0,1,1,0,1,0,0
1,0,1,0,0,0,0,0
1,1,1,1,0,1,0,0
1,1,1,1,0,1,0,0
1,1,1,1,0,1,0,0
1,1,1,1,0,1,0,0
1,0,1,0,0,0,0,0
1,0,1,1,0,0,0,0
1,1,1,1,0,1,0,0
1,1,1,1,0,1,0,0
1,1,1,1,0,1,0,0
1,1,1,1,0,1,0,0
1,1,1,1,0,1,0,0
1,1,1,1,0,1,0,0
1,1,1,1,0,1,0,0
1,1,1,1,0,1,0,0
1,1,1,1,0,1,0,0
1,1,1,1,0,1,0,0
1,0,1,1,0,1,0,0
1,0,1,1,0,0,0,0
1,1,1,1,0,1,0,0
1,0,1,0,0,1,0,0
1,0,1,1,0,1,0,0
1,1,1,1,0,1,0,0
1,1,1,1,0,1,0,0
1,1,1,1,0,1,0,0
1,0,0,0,0,1,0,0
1,0,1,1,0,1,0,0
1,0,1,1,0,1,0,0
1,1,1,1,0,1,0,0
1,1,1,1,0,1,0,0
1,1,1,1,0,1,0,0
1,1,1,1,0,1,0,0
1,1,1,1,0,1,0,0
1,1,1,1,0,0,0,0
1,1,1,1,0,0,0,0
1,1,1,1,0,0,0,0
1,0,0,0,0,0,0,0
1,0,0,0,0,0,0,0
1,0,0,0,0,0,0,0
1,0,0,0,0,0,0,0
1,0,0,0,0,0,0,0
1,1,1,1,0,0,0,0
1,1,1,1,0,0,0,0
1,1,1,1,0,0,0,0
1,0,1,0,0,0,0,0
1,0,1,0,0,0,0,0
1,0,0,0,0,0,0,0
0,0,0,0,0,0,0,0
0,0,0,0,0,0,0,0
1,0,0,0,0,1,0,0
1,0,0,0,0,1,0,0
1,0,1,0,0,0,0,0
1,1,1,1,0,0,0,0
1,1,1,1,0,0,0,0
1,0,0,0,0,0,0,0
1,0,1,0,0,0,0,0
1,0,0,0,0,0,0,0
1,0,0,0,0,0,0,0
1,0,0,0,0,0,0,0
1,0,0,0,0,1,0,0
1,0,0,0,0,1,0,0
1,1,1,1,0,0,0,0
1,1,1,1,0,1,0,0
1,1,1,1,0,0,0,0
1,0,0,0,0,0,0,0
1,0,0,0,0,0,0,0
1,0,0,0,0,0,0,0
1,0,0,0,0,0,0,0
1,0,0,0,0,1,0,0
1,0,0,0,0,1,0,0
1,0,0,0,0,1,0,0
1,1,1,1,0,0,0,0
1,1,1,1,0,1,0,0
1,1,1,1,0,0,0,0
1,0,0,0,0,0,0,0
1,0,0,0,0,0,0,0
1,0,0,0,0,0,0,0
1,0,0,0,0,1,0,0
1,0,0,0,0,1,0,0
1,0,0,0,0,1,0,0
1,0,0,0,0,1,0,0
1,0,1,1,0,1,0,0
1,1,1,1,0,0,0,0
1,1,1,1,0,0,0,0
1,0,0,0,0,0,0,0
1,0,0,0,0,0,0,0
1,0,0,0,0,1,0,0
1,0,0,0,0,1,0,0
1,1,1,1,0,1,0,0
1,1,1,1,0,1,0,0
1,1,1,1,0,0,0,0
1,0,0,1,0,0,0,0
1,0,0,0,0,1,0,0
1,1,1,1,0,1,0,0
1,1,1,1,0,1,0,0
1,1,1,1,0,1,0,0
1,1,1,1,0,1,0,0
1,0,0,0,0,1,0,0
1,0,0,0,0,0,0,0
0,0,0,0,0,0,0,0
0,0,0,0,0,0,0,0
1,0,0,0,0,0,0,0
1,0,0,0,0,0,0,0
1,0,0,0,0,0,0,0
1,0,0,0,1,0,0,0
0,1,0,0,1,0,0,0
0,1,0,0,1,0,0,0
0,1,0,0,1,0,0,0
0,0,0,0,0,1,0,0
1,0,0,0,0,0,0,0
0,0,0,0,0,0,0,0
0,0,0,0,0,0,0,0
0,0,0,0,0,0,0,0
0,0,0,0,0,0,0,0
0,0,0,0,1,0,0,0
0,0,0,0,1,0,0,0
0,1,0,0,1,0,0,0
1,1,0,0,1,0,0,0
1,0,0,0,0,0,0,0
1,0,0,0,0,0,0,0
1,0,0,0,0,0,0,0
0,0,0,0,0,0,0,0
0,0,0,0,0,0,0,0
0,0,0,0,1,0,0,0
0,0,0,0,0,0,0,0
0,0,0,0,0,0,0,0
0,0,0,0,1,0,0,0
1,1,0,0,1,0,0,0
1,0,0,0,0,1,0,0
1,0,0,0,0,0,0,0
1,0,0,0,0,0,0,0
0,0,0,0,0,0,0,0
0,0,0,0,0,0,0,0
0,0,0,0,0,0,0,0
0,0,0,0,1,0,0,0
0,0,0,0,0,0,0,0
0,0,0,0,0,0,0,0
0,0,0,0,1,0,0,0
1,0,0,0,0,1,0,0
1,0,0,0,0,1,0,0
1,0,0,0,0,0,0,0
1,0,0,0,0,0,0,0
0,0,0,0,0,0,0,0
0,0,0,0,0,0,0,0
0,0,0,0,0,0,0,0
0,0,0,0,0,0,0,0
0,0,0,0,0,0,0,0
0,0,0,0,0,0,0,0
1,0,0,0,0,1,0,0
1,0,0,0,0,0,0,0
1,0,0,0,0,0,0,0
1,0,0,0,0,0,0,0
0,0,0,0,0,0,0,0
0,0,0,0,0,0,0,0
0,0,0,0,0,0,0,0
0,0,0,0,0,0,0,0
0,0,0,0,0,0,0,0
0,0,0,0,0,0,0,0
1,0,0,0,0,1,0,0
1,0,0,0,0,0,0,0
0,0,0,0,0,0,0,0
0,0,0,0,0,0,0,0
0,0,0,0,0,0,0,0
0,0,0,0,0,0,0,0
0,0,0,0,0,0,0,0
0,0,0,0,0,0,0,0
0,0,0,0,0,0,0,0
0,0,0,0,0,0,0,0
1,0,0,0,0,1,0,0
1,0,0,0,0,1,0,0
1,0,0,0,0,0,0,0
0,0,0,0,0,0,0,0
0,0,0,0,0,0,0,0
0,0,0,0,0,0,0,0
0,0,0,0,0,0,0,0
0,0,0,0,0,0,0,0
0,0,0,0,0,0,0,0
0,0,0,0,0,0,0,0
1,0,0,0,0,1,0,0
1,0,0,0,0,1,0,0
0,0,0,0,1,0,0,0
0,0,0,0,0,0,0,0
0,0,0,0,0,0,0,0
0,0,0,0,0,0,0,0
0,0,0,0,0,0,0,0
0,1,0,0,1,0,0,0
1,0,0,0,1,0,0,0
0,0,0,0,1,0,0,0
0,0,0,0,1,0,0,0
1,1,0,0,1,0,0,1
1,1,0,1,1,0,1,1
1,1,0,1,1,0,1,1
0,1,0,0,1,0,1,1
0,0,0,0,0,0,0,0
0,0,0,0,0,0,0,0
1,1,0,0,1,0,0,0
1,0,0,0,1,0,0,0
0,0,0,0,1,0,0,0
0,0,0,0,1,0,0,0
0,0,0,0,1,0,0,1
1,1,0,1,1,0,1,1
0,1,0,1,1,0,1,1
0,1,0,0,1,0,1,1
0,0,0,0,1,0,0,0
0,0,0,0,0,0,0,0
1,1,0,0,1,0,0,0
0,0,0,0,1,0,0,0
0,0,0,0,1,0,0,0
0,1,0,0,1,0,0,1
1,1,0,0,1,0,1,1
1,1,0,1,1,0,1,1
1,1,0,1,1,0,1,1
0,1,0,0,1,0,1,1
0,1,0,0,1,0,1,1
0,0,0,0,1,0,1,1
1,1,0,0,1,0,0,1
0,0,0,0,1,0,0,0
0,0,0,0,1,0,0,0
0,0,0,0,1,0,0,0
0,1,0,0,1,0,1,1
1,1,0,1,1,0,1,1
1,1,0,1,1,0,1,1
0,1,0,1,1,0,1,1
0,1,0,1,1,0,1,1
0,1,0,0,1,0,1,1
0,1,0,0,1,0,0,0
0,0,0,0,1,0,0,0
0,1,0,0,1,0,0,1
0,1,0,0,1,0,1,1
0,1,0,1,1,0,1,1
1,1,0,1,1,0,1,1
0,1,0,0,1,0,1,1
0,1,0,1,1,0,1,1
0,1,0,1,1,0,1,1
0,1,0,1,1,0,1,1
0,0,0,0,0,0,0,0
0,1,0,0,1,0,0,1
0,1,0,1,1,0,1,1
0,1,0,1,1,0,1,1
0,1,0,1,1,0,1,1
1,1,0,1,1,0,1,1
0,1,0,1,1,0,1,1
0,1,0,1,1,0,1,1
0,1,0,1,1,0,1,1
0,1,0,1,1,0,1,1
0,0,0,0,0,0,0,0
0,1,0,0,1,0,1,1
0,1,0,1,1,0,1,1
0,1,0,1,1,0,0,1
0,1,0,1,1,0,1,1
0,1,0,1,1,0,1,1
0,1,0,1,1,0,1,1
0,1,0,1,1,0,1,1
0,1,0,0,1,0,1,1
0,1,0,0,1,0,1,1
0,0,0,0,0,0,0,0
0,1,0,0,0,0,0,0
0,1,0,0,1,0,0,1
0,1,0,0,1,0,0,1
0,1,0,1,1,0,1,1
0,1,0,1,1,0,1,1
0,1,0,1,1,0,1,1
0,1,0,1,1,0,1,1
0,1,0,0,1,0,1,1
0,1,0,0,1,0,1,1
0,0,0,0,0,0,0,0
0,0,0,0,0,0,0,0
0,1,0,0,1,0,1,1
0,1,0,1,1,0,1,1
0,1,0,1,1,0,1,1
0,1,0,0,1,0,1,1
0,1,0,0,1,0,1,1
0,1,0,0,1,0,1,1
0,1,0,0,1,0,1,1
0,1,0,0,1,0,1,1
0,1,0,1,1,0,1,0
0,1,0,0,1,0,1,1
0,1,0,0,1,0,1,1
0,1,0,0,1,0,1,1
0,1,0,0,1,0,1,1
0,0,0,0,1,0,1,1
0,0,0,0,0,0,0,0
0,0,0,0,0,0,0,0
0,0,0,0,0,0,0,0
0,0,0,0,0,0,0,0
0,1,0,0,1,0,1,1
0,1,0,0,1,0,1,1
0,0,0,0,0,0,0,0
0,0,0,0,0,0,0,0
0,0,0,0,1,0,1,0
0,1,0,0,1,0,1,0
0,1,0,0,1,0,0,0
0,1,0,0,1,0,0,0
0,1,0,0,1,0,1,1
0,0,0,0,1,0,1,0
0,1,0,0,1,0,1,0
0,0,0,0,1,0,1,0
0,1,0,1,1,0,1,1
0,1,0,0,1,0,1,1
0,0,0,0,1,0,1,1
0,0,0,0,1,0,1,1
0,1,0,1,1,0,1,1
0,1,0,1,1,0,1,1
0,1,0,0,1,0,1,1
0,0,0,0,1,0,1,1
0,0,0,0,1,0,0,0
0,0,0,0,1,0,0,1
0,1,0,0,1,0,0,1
0,1,0,0,1,0,1,1
0,1,0,0,1,0,1,1
0,0,0,0,1,0,0,0
0,0,0,0,0,0,0,0
0,1,0,0,1,0,0,1
0,0,0,0,0,0,0,0
0,0,0,0,0,0,0,0
0,0,0,0,0,0,0,0
0,0,0,0,0,0,0,0
0,1,0,0,1,0,0,0
0,0,0,0,0,0,0,0
0,0,0,0,0,0,0,0
0,0,0,0,0,0,0,0
0,0,0,0,0,0,0,0
0,0,0,0,0,0,0,0
0,1,0,0,1,0,1,1
0,0,0,0,0,0,0,0
0,1,0,0,0,0,0,0
0,1,0,0,0,0,0,0
0,0,0,0,0,0,0,0
0,1,0,0,1,0,1,0
0,1,0,0,1,0,1,1
0,1,0,0,1,0,1,1
0,1,0,0,1,0,1,0
0,1,0,0,1,0,1,1
0,1,0,0,1,0,1,1
0,1,0,0,1,0,0,1
0,1,0,0,1,0,1,0
0,1,0,0,0,0,0,0
0,1,0,0,1,0,1,0
0,1,0,0,0,0,1,0
0,1,0,0,0,0,1,0
0,1,0,0,0,0,0,0
0,0,0,0,0,0,0,0
0,1,0,0,0,0,0,0
0,1,0,0,0,0,0,0
0,1,0,0,0,0,0,0
0,1,0,0,0,0,0,0
0,1,0,0,0,0,1,0
0,1,0,0,0,0,0,0
